lemon entry,partOfSpeech,article_singular,writtenForm (singular),writtenForm (plural),preposition,SyntacticFrame,copulativeArg,prepositionalAdjunct,sense,reference_dbpedia,domain_dbpedia,range_dbpedia,domainSingularArticle,domainWrittenSingularForm,domainWrittenPluralForm,rangeSingularArticle,rangeWrittenSingularForm,rangeWrittenPluralForm,,,,,,,,,,,,,,,,,,
music_by,noun,feminine_la,musica,musiche,di,NounPPFrame,domain,range,1,dbo:musicBy,dbo:Person,dbo:Musical,feminine_la,persona,persone,feminine_la,musical,musical,,,,,,,,,,,,,,,,,,
mayor_of_1,noun,masculine_il,sindaco,-,di,NounPPFrame,range,domain,1,dbo:mayor,dbo:City,dbo:Person,feminine_la,città,città,feminine_la,persona,persone,,,,,,,,,,,,,,,,,,
mayor_of_2,noun,masculine_il,sindaco,-,di,NounPPFrame,range,domain,1,dbo:leaderName,dbo:City,dbo:Person,feminine_la,città,città,feminine_la,persona,persone,,,,,,,,,,,,,,,,,,
populationTotal-of,noun,feminine_la,popolazione totale,-,di,NounPPFrame,range,domain,1,dbo:populationTotal,dbo:Place,xsd:nonNegativeInteger,masculine_il,luogo,luoghi,feminine_la,-,-,,,,,,,,,,,,,,,,,,
officialLanguage-of,noun,feminine_la,lingua ufficiale,lingue ufficiali,di,NounPPFrame,range,domain,1,dbo:officialLanguage,dbo:Country,dbo:Language,masculine_il,paese,paesi,feminine_la,lingua,lingue,,,,,,,,,,,,,,,,,,
editor_of,noun,masculine_l,editore,editori,di,NounPPFrame,range,domain,1,dbo:editor,dbo:Work,dbo:Person,feminine_la,opera,opere,feminine_la,persona,persone,,,,,,,,,,,,,,,,,,
capital-of,noun,feminine_la,capitale,-,di,NounPPFrame,range,domain,1,dbo:capital,dbo:Country,dbo:Place,masculine_il,paese,paesi,feminine_la,città,città,,,,,,,,,,,,,,,,,,
child_of,noun,masculine_il,figlio,figli,di,NounPPFrame,range,domain,1,dbo:child,dbo:Person,dbo:Person,feminine_la,persona,persone,feminine_la,persona,persone,,,,,,,,,,,,,,,,,,
wife-of,noun,feminine_la,moglie,mogli,di,NounPPFrame,range,domain,1,dbo:spouse,dbo:Person,dbo:Person,feminine_la,persona,persone,feminine_la,persona,persone,,,,,,,,,,,,,,,,,,
vero_nome_de,noun,masculine_il,vero nome,vero nome,di,NounPPFrame,range,domain,1,dbp:alterEgo,dbo:FictionalCharacter,xsd:string,masculine_il,personaggio fittizio,personaggio fittizio,-,-,-,,,,,,,,,,,,,,,,,,
wine_region_of,noun,feminine_la,regione del vino,regioni del vino,di,NounPPFrame,range,domain,1,dbo:wineRegion,dbo:Grape,dbo:Place,feminine_la,uva,uva,feminine_la,luogo,luoghi,,,,,,,,,,,,,,,,,,
vice_president_of,noun,masculine_il,vice presidente,vice presidenti,di,NounPPFrame,range,domain,1,dbo:vicePresident,dbo:Person,dbo:Person,feminine_la,persona,persone,feminine_la,persona,persone,,,,,,,,,,,,,,,,,,
successor_of,noun,masculine_il,successore,-,di,NounPPFrame,range,domain,1,dbo:successor,dbo:Person,dbo:Person,feminine_la,persona,persone,feminine_la,persona,persone,,,,,,,,,,,,,,,,,,
timeZone-of,noun,masculine_il,fuso orario,fuso orario,di,NounPPFrame,range,domain,1,dbo:timeZone,dbo:Place,xsd:string,feminine_la,città,ciittà,feminine,-,-,,,,,,,,,,,,,,,,,,
currency_of,noun,feminine_la,valuta,valuta,della,NounPPFrame,range,domain,1,dbo:currency,dbo:Country,dbo:Currency,feminine_la,paese,paesi,feminine_la,moneta,monete,,,,,,,,,,,,,,,,,,
father_of,noun,masculine_il,padre,-,di,NounPPFrame,range,domain,1,dbp:father,dbo:Person,dbo:Person,feminine_la,persona,persone,feminine_la,persona,persone,rdfs:label does not match,,,,,,,,,,,,,,,,,
President-of,noun,masculine_il,presidente,-,di,NounPPFrame,range,domain,1,dbo:leader,dbo:Legislature,dbo:Person,feminine_la,legislatura,legislature,feminine_la,persona,persone,,,,,,,,,,,,,,,,,,
leader_of,noun,masculine_il,re,re,dei,NounPPFrame,range,domain,1,dbo:leader,dbo:Legislature,dbo:Person,feminine_la,legislatura,legislature,feminine_la,persona,persone,,,,,,,,,,,,,,,,,,
currency_of,noun,feminine_la,valuta,valuta,di,NounPPFrame,range,domain,1,dbo:currency,dbo:Country,dbo:Currency,masculine_il,paese,paesi,feminine_la,moneta,monete,,,,,,,,,,,,,,,,,,
son_of,noun,masculine_il,figlio,figli,di,NounPPFrame,range,domain,1,dbo:child,dbo:Person,dbo:Person,feminine_la,persona,persone,feminine_la,persona,persone,,,,,,,,,,,,,,,,,,
parent-of,noun,masculine_il,genitore,genitori,di,NounPPFrame,range,domain,1,dbo:parent,dbo:Person,dbo:Person,feminine_la,persona,persone,feminine_la,persona,persone,,,,,,,,,,,,,,,,,,
founder_of,noun,masculine_il,fondatore,fondatori,di,NounPPFrame,range,domain,1,dbo:founder,dbo:Company,dbo:Person,feminine_la,compagnia,compagnie,feminine_la,persona,persone,,,,,,,,,,,,,,,,,,
membership-of,noun,masculine_il,membro,membri,di,NounPPFrame,range,domain,1,dbo:bandMember,dbo:Band,dbo:MusicalArtist,feminine_la,band,band,masculine_l,artista musicale,artisti musicali,,,,,,,,,,,,,,,,,,
quartieri_de,noun,masculine_il,quartiere,quartieri,di,NounPPFrame,domain,range,1,dbo:governmentType,dbo:GovernmentType,dbo:Country,feminine_la,forma di governo,forme di governo,masculine_il,paese,paesi,,,,,,,,,,,,,,,,,,
formOfGovernment-of,noun,feminine_la,forma di governo,-,di,NounPPFrame,range,domain,1,dbo:governmentType,dbo:Place,xsd:string,masculine_il,paese,paesi,-,-,-,,,,,,,,,,,,,,,,,,
videogame-by,noun,masculine_il,videogioco,videogiochi,di,NounPPFrame,domain,range,1,dbo:publisher,dbo:VideoGame,dbo:Company,masculine_il,videogioco,videogioco,feminine_la,compagnia,compagnie,,,,,,,,,,,,,,,,,,
found,noun,feminine_la,fondatore,fondatori,di,NounPPFrame,range,domain,1,dbo:foundedBy,dbo:Agent,dbo:Pope,feminine_la,compagnia,compagnie,feminine_la,papa,papa,,,,,,,,,,,,,,,,,,
book_of,noun,masculine_il,libri,libri,del,NounPPFrame,domain,range,1,dbo:series,dbo:Person,dbo:TelevisionShow,feminine_la,persona,persone,feminine_la,persona,persone,,,,,,,,,,,,,,,,,,
foundationPlace_of,noun,masculine_il,nazione,nazione,di,NounPPFrame,range,domain,1,dbo:foundationPlace,dbo:Organisation,dbo:Place,feminine_la,organizzazione,organizzazioni,feminine_la,città,città,,,,,,,,,,,,,,,,,,
height_of_1,noun,article_l',altezza,-,di,NounPPFrame,range,domain,1,dbo:height,dbo:Model,xsd:double,feminine_la,modella,modelle,feminine_la,-,-,,,,,,,,,,,,,,,,,,
height_of_2,noun,article_l',altezza,-,di,NounPPFrame,range,domain,1,dbo:height,dbo:Tower,xsd:double,feminine_la,torre,torri,feminine_la,-,-,,,,,,,,,,,,,,,,,,
host_of,noun,masculine_il,presentatore,presentatori,di,NounPPFrame,range,domain,1,dbo:presenter,dbo:TelevisionShow,dbo:Person,feminine_la,show televisivo,show televisivi,feminine_la,persona,persone,,,,,,,,,,,,,,,,,,
cost-of,noun,masculine_il,costo,costi,di,NounPPFrame,range,domain,1,dbo:budget,dbo:Film,xsd:double,feminine_la,film,films,feminine_la,-,-,,,,,,,,,,,,,,,,,,
causeOfDeath_of,noun,feminine_la,causa di morte,cause di morte,di,NounPPFrame,range,domain,1,dbo:deathCause,dbo:Person,xsd:String,feminine_la,persona,persone,feminine_la,ragione,ragioni,,,,,,,,,,,,,,,,,,
seating_capacity_of,noun,feminine_la,capienza,-,di,NounPPFrame,range,domain,1,dbo:seatingCapacity,dbo:SoccerClub,xsd:nonNegativeInteger,feminine_la,soccer club,soccer clubs,feminine_la,-,-,,,,,,,,,,,,,,,,,,
largest_country_in,noun,masculine_il,paese più grande,-,di,NounPPFrame,range,domain,1,dbo:areaTotal,dbo:Country,dbo:Country,feminine_la,paese,-,feminine_la,paese,-,,,,,,,,,,,,,,,,,,
coach_of,noun,article_l,allenatore,-,di,NounPPFrame,range,domain,1,dbo:coach,dbo:IceHockeyLeague,dbo:Person,feminine_la,lega hockey da ghiacciio,leghe hockey da ghiaccio,feminine_la,persona,persone,,,,,,,,,,,,,,,,,,
birthYear_of,noun,article_l,anno di nascita,-,di,NounPPFrame,range,domain,1,dbo:birthYear,dbo:Person,xsd:gYear,feminine_la,persona,persone,feminine_la,anno,anni,,,,,,,,,,,,,,,,,,
birthPlace_of,noun,masculine_il,luogo di nascita,-,di,NounPPFrame,range,domain,1,dbo:birthPlace,dbo:Person,dbo:Place,feminine_la,persona,persone,feminine_la,luogo,luoghi,,,,,,,,,,,,,,,,,,
Location-of_1,noun,feminine_la,posizione,-,di,NounPPFrame,range,domain,1,dbo:location,dbo:Place,dbo:Place,feminine_la,luogo,luoghi,feminine_la,luogo,luoghi,,,,,,,,,,,,,,,,,,
Location-of_2,noun,feminine_la,posizione,-,di,NounPPFrame,range,domain,1,dbo:location,dbo:Mountain,dbo:Place,feminine_la,montagna,montagne,feminine_la,luogo,luoghi,,,,,,,,,,,,,,,,,,
ingredient_of,noun,article_l,ingrediente,ingredienti,di,NounPPFrame,range,domain,1,dbo:ingredient,dbo:Food,owl:Thing,feminine_la,cibo,cibi,feminine_la,cosa,cose,,,,,,,,,,,,,,,,,,
dissolutionDate_of,noun,feminine_la,data di dissoluzione,-,di,NounPPFrame,range,domain,1,dbo:dissolutionDate,dbo:PopulatedPlace,xsd:date,feminine_la,luogo popolato,luoghi popolati,feminine_la,-,-,,,,,,,,,,,,,,,,,,
firstSeason_of,noun,feminine_la,prima stagione,prime stagioni,di,NounPPFrame,range,domain,1,dbo:seasonNumber,dbo:TelevisionShow,xsd:nonNegativeInteger,feminine_la,show televisivo,show televisivi,feminine_la,-,-,,,,,,,,,,,,,,,,,,
largestCity_of,noun,feminine_la,città più grande,-,di,NounPPFrame,range,domain,1,dbo:largestCity,dbo:Country,dbo:City,feminine_la,paese,paesi,feminine_la,città,città,,,,,,,,,,,,,,,,,,
programmingLanguage_of,noun,masculine_il,linguaggio di programmazione,linguaggi di programmazione,di,NounPPFrame,range,domain,1,dbo:programmingLanguage,dbo:Software,dbo:Language,feminine_la,software,software,feminine_la,linguaggio,linguaggi,,,,,,,,,,,,,,,,,,
number_of,noun,masculine_il,numero di sedi,-,di,NounPPFrame,range,domain,1,dbo:numberOfLocations,dbo:Company,xsd:nonNegativeInteger,feminine_la,compagnia,compagnie,feminine_la,-,-,,,,,,,,,,,,,,,,,,
DeathDate-of_1,noun,feminine_la,data di morte,-,di,NounPPFrame,range,domain,1,dbo:deathDate,dbo:Person,xsd:date,feminine_la,persona,persone,feminine_la,-,-,,,,,,,,,,,,,,,,,,
DeathDate-of_2,noun,feminine_la,data di morte,-,of,NounPPFrame,range,domain,1,dbo:deathDate,dbo:Royalty,xsd:date,feminine_la,i reali,i reali,feminine_la,-,-,,,,,,,,,,,,,,,,,,
nationality_of,noun,feminine_la,nazionalità,-,dii,NounPPFrame,range,domain,1,dbo:nationality,dbo:Person,dbo:Country,feminine_la,persona,persone,feminine_la,persona,persone,,,,,,,,,,,,,,,,,,
formOfGovernment-of,noun,feminine_la,forma di governo,-,di,NounPPFrame,range,domain,1,dbo:governmentType,dbo:Country,dbo:GovernmentType,feminine_la,paese,paesi,feminine_la,forma di governo,forme di governo,,,,,,,,,,,,,,,,,,
recordLabel_of,noun,masculine_il,produttore,produttori,di,NounPPFrame,range,domain,1,dbo:RecordLabel,dbo:Genre,xsd:string,feminine_la,genere,generi,feminine_la,-,-,,,,,,,,,,,,,,,,,,
loyalty,noun,feminine_la,lealtà,lealtà,X,NounPPFrame,range,domain,1,dbo:connotation,dbo:Loyalty,dbo:Color,feminine_la,lealtà,lealtà,feminine_la,colore,colori,,,,,,,,,,,,,,,,,,
leader-of,noun,masculine_il,capo,capi,di,NounPPFrame,range,domain,1,dbo:leader,dbo:Country,dbo:Person,feminine_la,paese,paesi,feminine_la,persona,persone,,,,,,,,,,,,,,,,,,
completionDate-of,noun,feminine_la,data di completamento,-,di,NounPPFrame,range,domain,1,dbo:completionDate,dbo:TelevisionShow,xsd:date,feminine_la,show televisivo,show televisivi,feminine_la,-,-,,,,,,,,,,,,,,,,,,
numberOfPages-of,noun,masculine_il,numero di pagine,-,di,NounPPFrame,range,domain,1,dbo:numberOfPages,dbo:WrittenWork,xsd:positiveInteger,feminine_la,opera scritta,opera scritta,feminine_la,-,-,,,,,,,,,,,,,,,,,,
musicComposer-of,noun,masculine_il,compositore musicale,compositori musicali,di,NounPPFrame,range,domain,1,dbo:musicComposer,dbo:Film,dbo:Person,feminine_la,film,film,feminine_la,persona,persone,,,,,,,,,,,,,,,,,,
developer_of,noun,masculine_lo,sviluppatore,sviluppatori,di,NounPPFrame,range,domain,1,dbo:developer,dbo:Work,dbo:Agent,feminine_la,opera,opere,feminine_la,agente,agenti,,,,,,,,,,,,,,,,,,
deathPlace-of,noun,feminine_la,data di morte,-,di,NounPPFrame,range,domain,1,dbo:deathPlace,dbo:Person,dbo:Place,feminine_la,persona,persone,feminine_la,luogo,luoghi,,,,,,,,,,,,,,,,,,
race_driver_with,noun,masculine_il,pilota,piloti,con,NounPPFrame,range,domain,1,dbo:races,dbo:FormulaOneRacer,dbo:Person,feminine_la,pilota,piloti,feminine_la,persona,persone,,,,,,,,,,,,,,,,,,
producer-of,noun,masculine_il,produttore,produttori,di,NounPPFrame,range,domain,1,dbo:producer,dbo:Film,dbo:Company,feminine_la,film,film,feminine_la,compagnia,compagnie,,,,,,,,,,,,,,,,,,
areaCode_of,noun,masculine_il,prefisso,-,di,NounPPFrame,range,domain,1,dbo:areaCode,dbo:City,xsd:string,feminine_la,città,città,feminine_la,-,-,,,,,,,,,,,,,,,,,,
nickname_of,noun,masculine_il,soprannome,soprannomi,di,NounPPFrame,range,domain,1,dbp:nickname,dbo:City,xsd:string,feminine_la,città,città,feminine_la,-,-,,,,,,,,,,,,,,,,,,
foundationPlace_of,noun,masculine_il,luogo di fondazione,-,di,NounPPFrame,range,domain,1,dbo:foundationPlace,dbo:Organisation,dbo:City,feminine_la,organizzazione,organizzazioni,feminine_la,città,città,,,,,,,,,,,,,,,,,,
influencer_of,noun,article_l,influenza,influenze,di,NounPPFrame,range,domain,1,dbo:influenced,dbo:Person,dbo:Person,feminine_la,persona,persone,feminine_la,persona,persone,,,,,,,,,,,,,,,,,,
party-of,noun,masculine_il,partito,partiti,di,NounPPFrame,range,domain,1,dbo:party,dbo:Politician,xsd:string,feminine_la,politico,politici,feminine_la,-,-,,,,,,,,,,,,,,,,,,
elevation-of,noun,article_l,altezza,-,di,NounPPFrame,range,domain,1,dbo:elevation,dbo:Place,xsd:double,feminine_la,luogo,luoghi,feminine_la,-,-,,,,,,,,,,,,,,,,,,
doctoralSupervisor_of,noun,masculine_il,tutor di dottorato,tutor di dottorato,di,NounPPFrame,range,domain,1,dbo: doctoralAdvisor,dbo:Scientist,dbo:Person,feminine_la,scienziato,scienziati,feminine_la,persona,persone,,,,,,,,,,,,,,,,,,
residence-of,noun,feminine_la,residenza,residenze,di,NounPPFrame,range,domain,1,dbo:residence,dbo:Place,dbo:Person,feminine_la,luogo,luoghi,feminine_la,persona,persone,,,,,,,,,,,,,,,,,,
headquarter_of,noun,masculine_il,quartier generale,-,di,NounPPFrame,range,domain,1,dbo:headquarter,dbo:Organisation,dbo:PopulatedPlace,feminine_la,organizzazione,organizzazioni,feminine_la,populated place,populated places,,,,,,,,,,,,,,,,,,
foundingYear_of,noun,article_l,anno di fondazione,-,dii,NounPPFrame,range,domain,1,dbo:foundingYear,dbo:Company,xsd:gYear,feminine_la,compagnia,compagnie,feminine_la,anno,anni,,,,,,,,,,,,,,,,,,
autobiography-of,noun,article_l,autobiografia,-,di,NounPPFrame,range,domain,1,dbo:literaryGenre,dbo:Autobiography,dbo:Author,feminine_la,autobiografia,autobiografie,feminine_la,autore,autori,,,,,,,,,,,,,,,,,,
restingPlace-of,noun,masculine_il,luogo di sepoltura,-,di,NounPPFrame,range,domain,1,dbo:restingPlace,dbo:Person,xsd:string,feminine_la,persona,persone,feminine_la,-,-,,,,,,,,,,,,,,,,,,
artisticMovement_of,noun,masculine_il,movimento artistico,movimenti artistici,di,NounPPFrame,range,domain,1,dbo:movement,dbo:Artist,owl:Thing,feminine_la,artista,artiisti,feminine_la,cosa,cose,,,,,,,,,,,,,,,,,,
author_of,noun,article_l,autore,autori,di,NounPPFrame,range,domain,1,dbo:author,dbo:Work,dbo:Person,feminine_la,opera,opere,feminine_la,persona,persone,,,,,,,,,,,,,,,,,,
foundation_series_of,noun,masculine_il,ciclo della fondazione,cicli della fondazione,di,NounPPFrame,range,domain,1,dbo:series,dbo:Foundation_series,dbo:Person,feminine_la,libro,libri,feminine_la,persona,persone,,,,,,,,,,,,,,,,,,
city-of,noun,feminine_la,città,città,di,NounPPFrame,range,domain,1,dbo:isPartOf,dbo:AdministrativeRegion,dbo:City,feminine_la,regione amministrativa,regioni amministrative,feminine_la,città,città,,,,,,,,,,,,,,,,,,
wine_production-of,noun,feminine_la,produzione di vino,produzioni di vino,di,NounPPFrame,range,domain,1,dbo:wineProduced,dbo:Company,dbo:Location,feminine_la,compagnia,compagnie,feminine_la,luogo,luoghi,,,,,,,,,,,,,,,,,,
causeOfDeath_of,noun,feminine_la,causa di morte,cause di morte,di,NounPPFrame,range,domain,1,dbo:deathCause,dbo:Person,xsd:String,feminine_la,persona,persone,feminine_la,ragione,ragioni,,,#N/A,#N/A,#N/A,#N/A,#N/A,,,,,,,,,,,
seating_capacity_of,noun,feminine_la,capienza,-,di,NounPPFrame,range,domain,1,dbo:seatingCapacity,dbo:SoccerClub,xsd:nonNegativeInteger,feminine_la,soccer club,soccer clubs,feminine_la,-,-,,,#N/A,#N/A,#N/A,#N/A,#N/A,,,,,,,,,,,
largest_country_in,noun,masculine_il,paese più grande,-,di,NounPPFrame,range,domain,1,dbo:areaTotal,dbo:Country,dbo:Country,feminine_la,paese,-,feminine_la,paese,-,,,#N/A,#N/A,#N/A,#N/A,#N/A,,,,,,,,,,,
mayor_of,noun,masculine_il,sindaco,-,di,NounPPFrame,range,domain,1,dbo:mayor,dbo:City,dbo:Person,feminine_la,città,città,feminine_la,persona,persone,,,#N/A,#N/A,#N/A,#N/A,#N/A,,,,,,,,,,,
coach_of,noun,article_l,allenatore,-,di,NounPPFrame,range,domain,1,dbo:coach,dbo:IceHockeyLeague,dbo:Person,feminine_la,lega hockey da ghiacciio,leghe hockey da ghiaccio,feminine_la,persona,persone,,,#N/A,#N/A,#N/A,#N/A,#N/A,,,,,,,,,,,
birthYear_of,noun,article_l,anno di nascita,-,di,NounPPFrame,range,domain,1,dbo:birthYear,dbo:Person,xsd:gYear,feminine_la,persona,persone,feminine_la,anno,anni,,,#N/A,#N/A,#N/A,#N/A,#N/A,,,,,,,,,,,
birthPlace_of,noun,masculine_il,luogo di nascita,-,di,NounPPFrame,range,domain,1,dbo:birthPlace,dbo:Person,dbo:Place,feminine_la,persona,persone,feminine_la,luogo,luoghi,,,#N/A,#N/A,#N/A,#N/A,#N/A,,,,,,,,,,,
populationTotal-of,noun,feminine_la,popolazione totale,-,di,NounPPFrame,domain,range,1,dbo:populationTotal,dbo:Place,xsd:nonNegativeInteger,feminine_la,luogo,luoghi,feminine_la,-,-,,,#N/A,#N/A,#N/A,#N/A,#N/A,,,,,,,,,,,
Location-of_1,noun,feminine_la,posizione,-,di,NounPPFrame,range,domain,1,dbo:location,dbo:Place,dbo:Place,feminine_la,luogo,luoghi,feminine_la,luogo,luoghi,,,#N/A,#N/A,#N/A,#N/A,#N/A,,,,,,,,,,,
Location-of_2,noun,feminine_la,posizione,-,di,NounPPFrame,range,domain,1,dbo:location,dbo:Mountain,dbo:Place,feminine_la,montagna,montagne,feminine_la,luogo,luoghi,,,#N/A,#N/A,#N/A,#N/A,#N/A,,,,,,,,,,,
officialLanguage-of,noun,feminine_la,lingua ufficiale,lingue ufficiali,di,NounPPFrame,range,domain,1,dbo:officialLanguage,dbo:Country,dbo:Language,feminine_la,paese,paesi,feminine_la,lingua,lingue,,,#N/A,#N/A,#N/A,#N/A,#N/A,,,,,,,,,,,
ingredient_of,noun,article_l,ingrediente,ingredienti,di,NounPPFrame,range,domain,1,dbo:ingredient,dbo:Food,owl:Thing,feminine_la,cibo,cibi,feminine_la,cosa,cose,,,#N/A,#N/A,#N/A,#N/A,#N/A,,,,,,,,,,,
dissolutionDate_of,noun,feminine_la,data di dissoluzione,-,di,NounPPFrame,range,domain,1,dbo:dissolutionDate,dbo:PopulatedPlace,xsd:date,feminine_la,luogo popolato,luoghi popolati,feminine_la,-,-,,,#N/A,#N/A,#N/A,#N/A,#N/A,,,,,,,,,,,
firstSeason_of,noun,feminine_la,prima stagione,prime stagioni,di,NounPPFrame,range,domain,1,dbo:seasonNumber,dbo:TelevisionShow,xsd:nonNegativeInteger,feminine_la,show televisivo,show televisivi,feminine_la,-,-,,,#N/A,#N/A,#N/A,#N/A,#N/A,,,,,,,,,,,
largestCity_of,noun,feminine_la,città più grande,-,di,NounPPFrame,range,domain,1,dbo:largestCity,dbo:Country,dbo:City,feminine_la,paese,paesi,feminine_la,città,città,,,#N/A,#N/A,#N/A,#N/A,#N/A,,,,,,,,,,,
programmingLanguage_of,noun,masculine_il,linguaggio di programmazione,linguaggi di programmazione,di,NounPPFrame,range,domain,1,dbo:programmingLanguage,dbo:Software,dbo:Language,feminine_la,software,software,feminine_la,linguaggio,linguaggi,,,#N/A,#N/A,#N/A,#N/A,#N/A,,,,,,,,,,,
editor_of,noun,article_l,editore,editori,di,NounPPFrame,range,domain,1,dbo:editor,dbo:Work,dbo:Person,feminine_la,opera,opere,feminine_la,persona,persone,,,#N/A,#N/A,#N/A,#N/A,#N/A,,,,,,,,,,,
number_of,noun,masculine_il,numero di sedi,-,di,NounPPFrame,range,domain,1,dbo:numberOfLocations,dbo:Company,xsd:nonNegativeInteger,feminine_la,compagnia,compagnie,feminine_la,-,-,,,#N/A,#N/A,#N/A,#N/A,#N/A,,,,,,,,,,,
capital-of,noun,feminine_la,capitale,-,di,NounPPFrame,range,domain,1,dbo:capital,dbo:Country,dbo:City,feminine_la,paese,paesi,feminine_la,città,città,,,#N/A,#N/A,#N/A,#N/A,#N/A,,,,,,,,,,,
child_of,noun,masculine_il,figlio,figli,di,NounPPFrame,range,domain,1,dbo:child,dbo:Person,dbo:Person,feminine_la,persona,persone,feminine_la,persona,persone,,,#N/A,#N/A,#N/A,#N/A,#N/A,,,,,,,,,,,
DeathDate-of_1,noun,feminine_la,data di morte,-,di,NounPPFrame,range,domain,1,dbo:deathDate,dbo:Person,xsd:date,feminine_la,persona,persone,feminine_la,-,-,,,#N/A,#N/A,#N/A,#N/A,#N/A,,,,,,,,,,,
DeathDate-of_2,noun,feminine_la,data di morte,-,of,NounPPFrame,range,domain,1,dbo:deathDate,dbo:Royalty,xsd:date,feminine_la,i reali,i reali,feminine_la,-,-,,,#N/A,#N/A,#N/A,#N/A,#N/A,,,,,,,,,,,
nationality_of,noun,feminine_la,nazionalità,-,dii,NounPPFrame,range,domain,1,dbo:nationality,dbo:Person,dbo:Country,feminine_la,persona,persone,feminine_la,persona,persone,,,#N/A,#N/A,#N/A,#N/A,#N/A,,,,,,,,,,,
alterEgo-of,noun,article_l,alter ego,-,di,NounPPFrame,range,domain,1,dbo:alterEgo,dbo:TelevisionShow,dbo:Person,feminine_la,show televisivo,show televisivi,feminine_la,persona,persone,,,#N/A,#N/A,#N/A,#N/A,#N/A,,,,,,,,,,,
formOfGovernment-of,noun,feminine_la,forma di governo,-,di,NounPPFrame,range,domain,1,dbo:governmentType,dbo:Country,dbo:GovernmentType,feminine_la,paese,paesi,feminine_la,forma di governo,forme di governo,,,#N/A,#N/A,#N/A,#N/A,#N/A,,,,,,,,,,,
recordLabel_of,noun,masculine_il,produttore,produttori,di,NounPPFrame,range,domain,1,dbo:RecordLabel,dbo:Genre,xsd:string,feminine_la,genere,generi,feminine_la,-,-,,,#N/A,#N/A,#N/A,#N/A,#N/A,,,,,,,,,,,
wine_region_of,noun,feminine_la,regione del vino,regioni del vino,di,NounPPFrame,range,domain,1,dbo:wineRegion,dbo:Grape,dbo:Place,feminine_la,uva,uva,feminine_la,luogo,luoghi,,,#N/A,#N/A,#N/A,#N/A,#N/A,,,,,,,,,,,
loyalty,noun,feminine_la,lealtà,lealtà,X,NounPPFrame,range,domain,1,dbo:connotation,dbo:Loyalty,dbo:Color,feminine_la,lealtà,lealtà,feminine_la,colore,colori,,,#N/A,#N/A,#N/A,#N/A,#N/A,,,,,,,,,,,
leader-of,noun,masculine_il,capo,capi,di,NounPPFrame,range,domain,1,dbo:leader,dbo:Country,dbo:Person,feminine_la,paese,paesi,feminine_la,persona,persone,,,#N/A,#N/A,#N/A,#N/A,#N/A,,,,,,,,,,,
completionDate-of,noun,feminine_la,data di completamento,-,di,NounPPFrame,range,domain,1,dbo:completionDate,dbo:TelevisionShow,xsd:date,feminine_la,show televisivo,show televisivi,feminine_la,-,-,,,#N/A,#N/A,#N/A,#N/A,#N/A,,,,,,,,,,,
numberOfPages-of,noun,masculine_il,numero di pagine,-,di,NounPPFrame,range,domain,1,dbo:numberOfPages,dbo:WrittenWork,xsd:positiveInteger,feminine_la,opera scritta,opera scritta,feminine_la,-,-,,,#N/A,#N/A,#N/A,#N/A,#N/A,,,,,,,,,,,
vice_president_of,noun,masculine_il,vice presidente,vice presidenti,di,NounPPFrame,range,domain,1,dbo:vicePresident,dbo:Person,dbo:Person,feminine_la,persona,persone,feminine_la,persona,persone,,,#N/A,#N/A,#N/A,#N/A,#N/A,,,,,,,,,,,
successor_of,noun,masculine_il,successore,-,di,NounPPFrame,range,domain,1,dbo:successor,dbo:Person,dbo:Person,feminine_la,persona,persone,feminine_la,persona,persone,,,#N/A,#N/A,#N/A,#N/A,#N/A,,,,,,,,,,,
musicComposer-of,noun,masculine_il,compositore musicale,compositori musicali,di,NounPPFrame,range,domain,1,dbo:musicComposer,dbo:Film,dbo:Person,feminine_la,film,film,feminine_la,persona,persone,,,#N/A,#N/A,#N/A,#N/A,#N/A,,,,,,,,,,,
timeZone-of,noun,masculine_il,fuso orario,fusii orari,di,NounPPFrame,range,domain,1,dbo:timezone,dbo:City,xsd:string,feminine_la,città,ciittà,feminine_la,-,-,,,#N/A,#N/A,#N/A,#N/A,#N/A,,,,,,,,,,,
currency_of,noun,feminine_la,moneta,monete,di,NounPPFrame,range,domain,1,dbo:currency,dbo:Country,dbo:Currency,feminine_la,paese,paesi,feminine_la,moneta,monete,,,#N/A,#N/A,#N/A,#N/A,#N/A,,,,,,,,,,,
developer_of,noun,masculine_lo,lo sviluppatore,sviluppatori,di,NounPPFrame,range,domain,1,dbo:developer,dbo:Work,dbo:Agent,feminine_la,opera,opere,feminine_la,agente,agenti,,,#N/A,#N/A,#N/A,#N/A,#N/A,,,,,,,,,,,
deathPlace-of,noun,feminine_la,data di morte,-,di,NounPPFrame,range,domain,1,dbo:deathPlace,dbo:Person,dbo:Place,feminine_la,persona,persone,feminine_la,luogo ,luoghi,,,#N/A,#N/A,#N/A,#N/A,#N/A,,,,,,,,,,,
father_of,noun,masculine_il,padre,-,di,NounPPFrame,range,domain,1,dbo:father,dbo:Person,dbo:Person,feminine_la,persona,persone,feminine_la,persona,persone,,,#N/A,#N/A,#N/A,#N/A,#N/A,,,,,,,,,,,
race_driver_with,noun,masculine_il,pilota,piloti,con,NounPPFrame,range,domain,1,dbo:races,dbo:FormulaOneRacer,dbo:Person,feminine_la,pilota,piloti,feminine_la,persona,persone,,,#N/A,#N/A,#N/A,#N/A,#N/A,,,,,,,,,,,
producer-of,noun,masculine_il,produttore,produttori,di,NounPPFrame,range,domain,1,dbo:producer,dbo:Film,dbo:Company,feminine_la,film,film,feminine_la,compagnia,compagnie,,,#N/A,#N/A,#N/A,#N/A,#N/A,,,,,,,,,,,
areaCode_of,noun,masculine_il,prefisso,-,di,NounPPFrame,range,domain,1,dbo:areaCode,dbo:City,xsd:string,feminine_la,città,città,feminine_la,-,-,,,#N/A,#N/A,#N/A,#N/A,#N/A,,,,,,,,,,,
nickname_of,noun,masculine_il,soprannome,soprannomi,di,NounPPFrame,range,domain,1,dbp:nickname,dbo:City,xsd:string,feminine_la,città,città,feminine_la,-,-,,,#N/A,#N/A,#N/A,#N/A,#N/A,,,,,,,,,,,
foundationPlace_of,noun,masculine_il,luogo di fondazione,-,di,NounPPFrame,range,domain,1,dbo:foundationPlace,dbo:Organisation,dbo:City,feminine_la,organizzazione,organizzazioni,feminine_la,città,città,,,#N/A,#N/A,#N/A,#N/A,#N/A,,,,,,,,,,,
influencer_of,noun,article_l,influenza,influenze,di,NounPPFrame,range,domain,1,dbo:influenced,dbo:Person,dbo:Person,feminine_la,persona,persone,feminine_la,persona,persone,,,#N/A,#N/A,#N/A,#N/A,#N/A,,,,,,,,,,,
party-of,noun,masculine_il,partito,partiti,di,NounPPFrame,range,domain,1,dbo:party,dbo:Politician,xsd:string,feminine_la,politico,politici,feminine_la,-,-,,,#N/A,#N/A,#N/A,#N/A,#N/A,,,,,,,,,,,
President-of,noun,masculine_il,presidente,-,di,NounPPFrame,range,domain,1,dbo:office,dbo:Country,xsd:string,feminine_la,paese,paesi,feminine_la,-,-,,,#N/A,#N/A,#N/A,#N/A,#N/A,,,,,,,,,,,
elevation-of,noun,article_l,altezza,-,di,NounPPFrame,range,domain,1,dbo:elevation,dbo:Place,xsd:double,feminine_la,luogo,luoghi,feminine_la,-,-,,,#N/A,#N/A,#N/A,#N/A,#N/A,,,,,,,,,,,
doctoralSupervisor_of,noun,masculine_il,tutor di dottorato,tutor di dottorato,di,NounPPFrame,range,domain,1,dbo: doctoralAdvisor,dbo:Scientist,dbo:Person,feminine_la,scienziato,scienziati,feminine_la,persona,persone,,,#N/A,#N/A,#N/A,#N/A,#N/A,,,,,,,,,,,
residence-of,noun,feminine_la,residenza,residenze,di,NounPPFrame,range,domain,1,dbo:residence,dbo:Place,dbo:Person,feminine_la,luogo,luoghi,feminine_la,persona,persone,,,#N/A,#N/A,#N/A,#N/A,#N/A,,,,,,,,,,,
currency_of,noun,feminine_la,moneta,monete,di,NounPPFrame,range,domain,1,dbo:currency,dbo:Country,dbo:Currency,feminine_la,paese,paesi,feminine_la,moneta,monete,,,#N/A,#N/A,#N/A,#N/A,#N/A,,,,,,,,,,,
son_of,noun,masculine_il,figlio,figli,di,NounPPFrame,range,domain,1,dbo:child,dbo:Person,dbo:Person,feminine_la,persona,persone,feminine_la,persona,persone,,,#N/A,#N/A,#N/A,#N/A,#N/A,,,,,,,,,,,
headquarter_of,noun,masculine_il,quartier generale,-,di,NounPPFrame,range,domain,1,dbo:headquarter,dbo:Organisation,dbo:PopulatedPlace,feminine_la,organizzazione,organizzazioni,feminine_la,populated place,populated places,,,#N/A,#N/A,#N/A,#N/A,#N/A,,,,,,,,,,,
founder-of,noun,masculine_il,fondatore,fondatori,di,NounPPFrame,range,domain,1,dbo:foundedBy,dbo:Company,dbo:Agent,feminine_la,compagnia,compagnie,feminine_la,agente,agenti,,,#N/A,#N/A,#N/A,#N/A,#N/A,,,,,,,,,,,
foundingYear_of,noun,article_l,anno di fondazione,-,dii,NounPPFrame,range,domain,1,dbo:foundingYear,dbo:Company,xsd:gYear,feminine_la,compagnia,compagnie,feminine_la,anno,anni,,,#N/A,#N/A,#N/A,#N/A,#N/A,,,,,,,,,,,
autobiography-of,noun,article_l,autobiografia,-,di,NounPPFrame,range,domain,1,dbo:literaryGenre,dbo:Autobiography,dbo:Author,feminine_la,autobiografia,autobiografie,feminine_la,autore,autori,,,#N/A,#N/A,#N/A,#N/A,#N/A,,,,,,,,,,,
parent-of,noun,masculine_il,genitore,genitori,di,NounPPFrame,range,domain,1,dbo:parent,dbo:Person,dbo:Person,feminine_la,persona,persone,feminine_la,persona,persone,,,#N/A,#N/A,#N/A,#N/A,#N/A,,,,,,,,,,,
restingPlace-of,noun,masculine_il,luogo di sepoltura,-,di,NounPPFrame,range,domain,1,dbo:restingPlace,dbo:Person,xsd:string,feminine_la,persona,persone,feminine_la,-,-,,,#N/A,#N/A,#N/A,#N/A,#N/A,,,,,,,,,,,
artisticMovement_of,noun,masculine_il,movimento artistico,movimenti artistici,di,NounPPFrame,range,domain,1,dbo:movement,dbo:Artist,owl:Thing,feminine_la,artista,artiisti,feminine_la,cosa,cose,,,#N/A,#N/A,#N/A,#N/A,#N/A,,,,,,,,,,,
author_of,noun,article_l,autore,autori,di,NounPPFrame,range,domain,1,dbo:author,dbo:Work,dbo:Person,feminine_la,opera,opere,feminine_la,persona,persone,,,#N/A,#N/A,#N/A,#N/A,#N/A,,,,,,,,,,,
foundation_series_of,noun,masculine_il,ciclo della fondazione,cicli della fondazione,di,NounPPFrame,range,domain,1,dbo:series,dbo:Foundation_series,dbo:Person,feminine_la,libro,libri,feminine_la,persona,persone,,,#N/A,#N/A,#N/A,#N/A,#N/A,,,,,,,,,,,
city-of,noun,feminine_la,città,città,di,NounPPFrame,range,domain,1,dbo:isPartOf,dbo:AdministrativeRegion,dbo:City,feminine_la,regione amministrativa,regioni amministrative,feminine_la,città,città,,,#N/A,#N/A,#N/A,#N/A,#N/A,,,,,,,,,,,
founder_of,noun,masculine_il,fondatore,fondatori,di,NounPPFrame,range,domain,1,dbo:foundedBy,dbo:BroadcastNetwork,dbo:Company,feminine_la,rete televisiva,reti televisive,feminine_la,compagnia,compagnie,,,#N/A,#N/A,#N/A,#N/A,#N/A,,,,,,,,,,,
membership-of,noun,masculine_il,membro,membri,di,NounPPFrame,range,domain,1,dbo:bandMember,dbo:Band,dbo:MusicalArtist,feminine_la,band,band,feminine_la,artista musicale,artisti musicali,,,#N/A,#N/A,#N/A,#N/A,#N/A,,,,,,,,,,,
Borough-of,noun,masculine_il,quartiere,quartieri,di,NounPPFrame,range,domain,1,dbo:governmentType,dbo:City,dbo:Organisation,feminine_la,città,città,feminine_la,organizzazione,organizzazioni,,,#N/A,#N/A,#N/A,#N/A,#N/A,,,,,,,,,,,
wine_production-of,noun,masculine_il,produzione di vino,produzioni di vino,di,NounPPFrame,range,domain,1,dbo:wineProduced,dbo:Company,dbo:Location,feminine_la,compagnia,compagnie,feminine_la,luogo,luoghi,,,#N/A,#N/A,#N/A,#N/A,#N/A,,,,,,,,,,,
areaCode_of,noun,masculine_il,prefisso,prefissi ,di,NounPPFrame,range,domain,1,dbo:areaCode,dbo:Place,xsd:string,città,città,-,-,,,,,#N/A,#N/A,#N/A,#N/A,#N/A,,,,,,,,,,,
author_of_m,noun,l'autore,autore,autori,di,NounPPFrame,range,domain,1,dbo:author,dbo:Book,dbo:Person,libro,libri,persona,persone,,,,,#N/A,#N/A,#N/A,#N/A,#N/A,,,,,,,,,,,
author_of_f,noun,l'autrice,autrice,autrice,di,NounPPFrame,range,domain,1,dbo:author,dbo:Book,dbo:Person,,,,,,,,,#N/A,#N/A,#N/A,#N/A,#N/A,,,,,,,,,,,
artisticMovement_of,noun,masculine_il,movimento artistico,movimenti artistici,di,NounPPFrame,range,domain,1,dbo:movement,dbo:Artist,owl:Thing,,,,,,,,,#N/A,#N/A,#N/A,#N/A,#N/A,,,,,,,,,,,
birthPlace_of,noun,masculine_il,luogo di nascita,-,di,NounPPFrame,range,domain,1,dbo:birthPlace,dbo:Person,dbo:Place,,,,,,,,,#N/A,#N/A,#N/A,#N/A,#N/A,,,,,,,,,,,
birthYear_of,noun,l'anno di nascita,anno di nascita,-,di,NounPPFrame,range,domain,1,dbo:birthYear,dbo:Person,xsd:gYear,,,,,,,,,#N/A,#N/A,#N/A,#N/A,#N/A,,,,,,,,,,,
causeOfDeath_of,noun,feminine_la,causa della morte,cause della morte,di,NounPPFrame,range,domain,1,dbo:deathCause,dbo:Person,owl:Thing,,,,,,,,,#N/A,#N/A,#N/A,#N/A,#N/A,,,,,,,,,,,
child_of_m,noun,masculine_il,figlio,figli,di,NounPPFrame,range,domain,1,dbo:child,dbo:Person,dbo:Person,,,,,,,,,#N/A,#N/A,#N/A,#N/A,#N/A,,,,,,,,,,,
child_of_f,noun,feminine_la,figlia,figlie,di,NounPPFrame,range,domain,1,dbo:child,dbo:Person,dbo:Person,,,,,,,,,#N/A,#N/A,#N/A,#N/A,#N/A,,,,,,,,,,,
completionDate-of,noun,feminine_la,data di completamento,-,di,NounPPFrame,range,domain,1,dbo:completionDate,dbo:TelevisionShow,xsd:date,,,,,,,,,#N/A,#N/A,#N/A,#N/A,#N/A,,,,,,,,,,,
cost_of,noun,masculine_il,costo,-,di,NounPPFrame,range,domain,1,dbo:budget,dbo:Film,xsd:double,,,,,,,,,#N/A,#N/A,#N/A,#N/A,#N/A,,,,,,,,,,,
currency_of,noun,feminine_la,valuta,valute,di,NounPPFrame,range,domain,1,dbo:currency,dbo:Country,dbo:Currency,,,,,,,,,#N/A,#N/A,#N/A,#N/A,#N/A,,,,,,,,,,,
deathDate-of,noun,feminine_la,data della morte,-,di,NounPPFrame,range,domain,1,dbo:deathDate,dbo:Person,xsd:date,,,,,,,,,#N/A,#N/A,#N/A,#N/A,#N/A,,,,,,,,,,,
developer_of_m,noun,article_lo,sviluppatore,sviluppatori,di,NounPPFrame,range,domain,1,dbo:developer,dbo:Work,dbo:Agent,,,,,,,,,#N/A,#N/A,#N/A,#N/A,#N/A,,,,,,,,,,,
developer_of_m,noun,feminine_la,sviluppatrice,sviluppatrici,di,NounPPFrame,range,domain,1,dbo:developer,dbo:Work,dbo:Agent,,,,,,,,,#N/A,#N/A,#N/A,#N/A,#N/A,,,,,,,,,,,
dissolutionDate_of,noun,feminine_la,data di scioglimento,-,di,NounPPFrame,range,domain,1,dbo:dissolutionDate,dbo:PopulatedPlace,xsd:date,,,,,,,,,#N/A,#N/A,#N/A,#N/A,#N/A,,,,,,,,,,,
doctoralSupervisor_of,noun,masculine_il,supervisore di dottorato,supervisori di dottorato,di,NounPPFrame,range,domain,1,dbo: doctoralAdvisor,dbo:Scientist,dbo:Person,,,,,,,,,#N/A,#N/A,#N/A,#N/A,#N/A,,,,,,,,,,,
editor_of,noun,article_l,editor,editor,di,NounPPFrame,range,domain,1,dbo:editor,dbo:Work,dbo:Person,,,,,,,,,#N/A,#N/A,#N/A,#N/A,#N/A,,,,,,,,,,,
elevation_of,noun,article_l,altezza,-,di,NounPPFrame,range,domain,1,dbo:areaUrban,dbo:PopulatedPlace,xsd:double,,,,,,,,,#N/A,#N/A,#N/A,#N/A,#N/A,,,,,,,,,,,
episode_of,noun,article_l,episodio,episodi,di,NounPPFrame,range,domain,1,dbo:series,dbo:TelevisionEpisode,dbo:TelevisionShow,,,,,,,,,#N/A,#N/A,#N/A,#N/A,#N/A,,,,,,,,,,,
father_of,noun,masculine_il,padre,-,di,NounPPFrame,range,domain,1,dbo:father,dbo:Person,dbo:Person,,,,,,,,,#N/A,#N/A,#N/A,#N/A,#N/A,,,,,,,,,,,
foundationPlace_of,noun,masculine_il,luogo di fondazione,-,di,NounPPFrame,range,domain,1,dbo:foundationPlace,dbo:Organisation,dbo:City,,,,,,,,,#N/A,#N/A,#N/A,#N/A,#N/A,,,,,,,,,,,
founder_of_m,noun,masculine_il,fondatore,fondatori,di,NounPPFrame,range,domain,1,dbo:parentCompany,dbo:Company,dbo:Company,,,,,,,,,#N/A,#N/A,#N/A,#N/A,#N/A,,,,,,,,,,,
founder_of_f,noun,feminine_la,fondatrice,fondatrici,di,NounPPFrame,range,domain,1,dbo:parentCompany,dbo:Company,dbo:Company,,,,,,,,,#N/A,#N/A,#N/A,#N/A,#N/A,,,,,,,,,,,
foundingYear_of,noun,article_l,anno di fondazione,-,di,NounPPFrame,range,domain,1,dbo:foundingYear,dbo:Company,xsd:gYear,,,,,,,,,#N/A,#N/A,#N/A,#N/A,#N/A,,,,,,,,,,,
formOfGovernment-of,noun,feminine_la,forma di governo,-,di,NounPPFrame,range,domain,1,dbo:governmentType,dbo:Country,dbo:GovernmentType,,,,,,,,,#N/A,#N/A,#N/A,#N/A,#N/A,,,,,,,,,,,
headquarter_of,noun,masculine_il,quartier generale,-,di,NounPPFrame,range,domain,1,dbo:headquarter,dbo:Organisation,dbo:PopulatedPlace,,,,,,,,,#N/A,#N/A,#N/A,#N/A,#N/A,,,,,,,,,,,
height_of,noun,article_l,altezza,-,di,NounPPFrame,range,domain,1,dbo:height,dbo:Person,xsd:double,,,,,,,,,#N/A,#N/A,#N/A,#N/A,#N/A,,,,,,,,,,,
homeStadium_of,noun,article_lo,stadio,stadi,di,NounPPFrame,range,domain,1,dbo:ground,dbo:SoccerClub,dbo:Building,,,,,,,,,#N/A,#N/A,#N/A,#N/A,#N/A,,,,,,,,,,,
host_of,noun,masculine_il,conduttore,conduttori,di,NounPPFrame,range,domain,1,dbo:presenter,dbo:TelevisionShow,dbo:Person,,,,,,,,,#N/A,#N/A,#N/A,#N/A,#N/A,,,,,,,,,,,
host_of,noun,feminine_la,conduttrice,conduttrici,di,NounPPFrame,range,domain,1,dbo:presenter,dbo:TelevisionShow,dbo:Person,,,,,,,,,#N/A,#N/A,#N/A,#N/A,#N/A,,,,,,,,,,,
influencer_of,noun,article_l,influenza,influenze,di,NounPPFrame,range,domain,1,dbo:influenced,dbo:Person,dbo:Person,,,,,,,,,#N/A,#N/A,#N/A,#N/A,#N/A,,,,,,,,,,,
ingredient_of,noun,article_l,ingrediente,ingredienti,di,NounPPFrame,range,domain,1,dbo:ingredient,dbo:Food,owl:Thing,,,,,,,,,#N/A,#N/A,#N/A,#N/A,#N/A,,,,,,,,,,,
largestCity_of,noun,feminine_la,città più grande,-,di,NounPPFrame,range,domain,1,dbo:largestCity,dbo:Country,dbo:City,,,,,,,,,#N/A,#N/A,#N/A,#N/A,#N/A,,,,,,,,,,,
leader-of,noun,masculine_il,capo del governo,-,di,NounPPFrame,range,domain,1,dbo:leader,dbo:Country,dbo:Person,,,,,,,,,#N/A,#N/A,#N/A,#N/A,#N/A,,,,,,,,,,,
location-of,noun,feminine_la,posizione,-,di,NounPPFrame,range,domain,1,dbo:location,dbo:Place,dbo:Place,,,,,,,,,#N/A,#N/A,#N/A,#N/A,#N/A,,,,,,,,,,,
manufacturer-of,noun,masculine_il,produttore,produttori,di,NounPPFrame,range,domain,1,dbo:manufacturer,owl:Thing,dbo:Organisation,,,,,,,,,#N/A,#N/A,#N/A,#N/A,#N/A,,,,,,,,,,,
mayor_of,noun,masculine_il,sindaco,-,di,NounPPFrame,range,domain,1,dbo:mayor,dbo:City,dbo:Person,,,,,,,,,#N/A,#N/A,#N/A,#N/A,#N/A,,,,,,,,,,,
musicComposer-of,noun,masculine_il,compositore,compositori,di,NounPPFrame,range,domain,1,dbo:musicComposer,dbo:Film,dbo:Person,,,,,,,,,#N/A,#N/A,#N/A,#N/A,#N/A,,,,,,,,,,,
nationality_of,noun,feminine_la,nazionalità,-,di,NounPPFrame,range,domain,1,dbo:nationality,dbo:Person,dbo:Country,,,,,,,,,#N/A,#N/A,#N/A,#N/A,#N/A,,,,,,,,,,,
numberOfPages-of,noun,masculine_il,numero di pagine,-,di,NounPPFrame,range,domain,1,dbo:numberOfPages,dbo:WrittenWork,xsd:positiveInteger,,,,,,,,,#N/A,#N/A,#N/A,#N/A,#N/A,,,,,,,,,,,
party-of,noun,masculine_il,partito,partiti,di,NounPPFrame,range,domain,1,dbo:party,dbo:Politician,xsd:string,,,,,,,,,#N/A,#N/A,#N/A,#N/A,#N/A,,,,,,,,,,,
residence-of,noun,feminine_la,residenza,residenze,di,NounPPFrame,range,domain,1,dbo:residence,dbo:Place,dbo:Person,,,,,,,,,#N/A,#N/A,#N/A,#N/A,#N/A,,,,,,,,,,,
restingPlace-of,noun,masculine_il,luogo di sepoltura,-,di,NounPPFrame,range,domain,1,dbo:restingPlace,dbo:Person,xsd:string,,,,,,,,,#N/A,#N/A,#N/A,#N/A,#N/A,,,,,,,,,,,
successor-of,noun,masculine_il,successore,-,di,NounPPFrame,range,domain,1,dbo:successor,dbo:Person,dbo:Person,,,,,,,,,#N/A,#N/A,#N/A,#N/A,#N/A,,,,,,,,,,,
timeZone-of,noun,masculine_il,fuso orario,fusi orari,di,NounPPFrame,range,domain,1,dbo:timezone,dbo:City,xsd:string,,,,,,,,,#N/A,#N/A,#N/A,#N/A,#N/A,,,,,,,,,,,
height_of,noun,article_l,altezza,partner,di,NounPPFrame,range,domain,1,dbo:height,dbo:Person,xsd:double,,,,,,,,,#N/A,#N/A,#N/A,#N/A,#N/A,,,,,,,,#N/A,#N/A,,2
partner-of,noun,masculine_il,partner,mariti,di,NounPPFrame,range,domain,1,dbo:partner,dbo:Person,dbo:Person,,,,,,,,,#N/A,#N/A,#N/A,#N/A,#N/A,,,,,,,,#N/A,#N/A,,2
spouse-of_m,noun,masculine_il,marito,mogli,di,NounPPFrame,range,domain,1,dbo:spouse,dbo:Person,dbo:Person,,,,,,,,,#N/A,#N/A,#N/A,#N/A,#N/A,,,,,,,,#N/A,#N/A,,2
spouse-of_f,noun,feminine_la,moglie,creatori,di,NounPPFrame,range,domain,1,dbo:spouse,dbo:Person,dbo:Person,,,,,,,,,#N/A,#N/A,#N/A,#N/A,#N/A,,,,,,,,#N/A,#N/A,,2
creator_of_m,noun,masculine_il,creatore,creatrici,di,NounPPFrame,range,domain,1,dbo:creator,dbo:Person,dbo:Agent,,,,,,,,,#N/A,#N/A,#N/A,#N/A,#N/A,,,,,,,,#N/A,#N/A,,2
creator_of_f,noun,feminine_la,creatrice,X -,di,NounPPFrame,range,domain,1,dbo:creator,dbo:Person,dbo:Agent,,,,,,,,,#N/A,#N/A,#N/A,#N/A,#N/A,,,,,,,,#N/A,#N/A,,2
capital-of,noun,article_i,capitale,X -,di,NounPPFrame,range,domain,1,dbo:capital,dbo:Country,dbo:City,,,,,,,,,#N/A,#N/A,#N/A,#N/A,#N/A,,,,,,,,#N/A,#N/A,,2
countryCode-of,noun,masculine_il,codice nazionale,X -,di,NounPPFrame,range,domain,1,dbo:countryCode,dbo:Country,xsd:integer,,,,,,,,,#N/A,#N/A,#N/A,#N/A,#N/A,,,,,,,,#N/A,#N/A,,2
assets-of,noun,masculine_il,patrimonio,società sussidiarie,di,NounPPFrame,range,domain,1,dbo:assets,dbo:Company,xsd:double,,,,,,,,,#N/A,#N/A,#N/A,#N/A,#N/A,,,,,,,,#N/A,#N/A,,2
subsidiary-of,noun,feminine_la,società sussidiaria,X -,di,NounPPFrame,range,domain,1,dbo:subsidiary,dbo:Company,dbo:Company,,,,,,,,,#N/A,#N/A,#N/A,#N/A,#N/A,,,,,,,,#N/A,#N/A,,2
predecessor-of,noun,masculine_il,predecessore,X -,di,NounPPFrame,range,domain,1,dbo:predecessor,dbo:Person,dbo:Politician,,,,,,,,,#N/A,#N/A,#N/A,#N/A,#N/A,,,,,,,,#N/A,#N/A,,2
equity-of,noun,article_l,equity,X -,di,NounPPFrame,range,domain,1,dbo:equity,dbo:Company,xsd:double,,,,,,,,,#N/A,#N/A,#N/A,#N/A,#N/A,,,,,,,,#N/A,#N/A,,2
postalCode-of,noun,masculine_il,codice postale,X -,di,NounPPFrame,range,domain,1,dbo:postalCode,dbo:City,xsd:string,,,,,,,,,#N/A,#N/A,#N/A,#N/A,#N/A,,,,,,,,#N/A,#N/A,,2
populationTotal-of,noun,feminine_la,popolazione,città più vicine,di,NounPPFrame,range,domain,1,dbo:populationTotal,dbo:Place,xsd:nonNegativeInteger,,,,,,,,,#N/A,#N/A,#N/A,#N/A,#N/A,,,,,,,,#N/A,#N/A,,2
nearestCity-to,noun,feminine_la,ciittà più vicina,X -,di,NounPPFrame,range,domain,1,dbo:nearestCity,dbo:Place,dbo:PopulatedPlace,,,,,,,,,#N/A,#N/A,#N/A,#N/A,#N/A,,,,,,,,#N/A,#N/A,,2
revenue-of,noun,masculine_il,reddito,X -,di,NounPPFrame,range,domain,1,dbo:revenue,dbo:Organisation,xsd:double,,,,,,,,,#N/A,#N/A,#N/A,#N/A,#N/A,,,,,,,,#N/A,#N/A,,2
runtime-of,noun,feminine_la,durata,professioni,di,NounPPFrame,range,domain,2,dbo:runtime,dbo:TelevisionShow,xsd:double,,,,,,,,,#N/A,#N/A,#N/A,#N/A,#N/A,,,,,,,,#N/A,#N/A,,2
occupation-of,noun,feminine_la,professione,X -,di,NounPPFrame,range,domain,1,dbo:occupation,dbo:Person,dbo:PersonFunction,,,,,,,,,#N/A,#N/A,#N/A,#N/A,#N/A,,,,,,,,#N/A,#N/A,,2
length_of,noun,feminine_la,lunghezza,nemici,di,NounPPFrame,range,domain,1,dbp:length,dbo:River,xsd:nonNegativeInteger,,,,,,,,,#N/A,#N/A,#N/A,#N/A,#N/A,,,,,,,,#N/A,#N/A,,2
opponent-of,noun,masculine_il,nemico,giudici,di,NounPPFrame,range,domain,1,dbo:opponent,dbo:Person,dbo:Person,,,,,,,,,#N/A,#N/A,#N/A,#N/A,#N/A,,,,,,,,#N/A,#N/A,,2
showJudge-of,noun,masculine_il,giudice,X -,di,NounPPFrame,range,domain,1,dbo:showJudge ,dbo:TelevisionShow,dbo:Person,,,,,,,,,#N/A,#N/A,#N/A,#N/A,#N/A,,,,,,,,#N/A,#N/A,,2
electoralDistrict-of,noun,masculine_il,distretto elettorale,X -,di,NounPPFrame,range,domain,1,dbo:region,dbo:Politician,dbo:Place,,,,,,,,,#N/A,#N/A,#N/A,#N/A,#N/A,,,,,,,,#N/A,#N/A,,2
releaseDate-of,noun,feminine_la,data di uscita,X -,di,NounPPFrame,range,domain,2,dbo:releaseDate,dbo:Song,xsd:date,,,,,,,,,#N/A,#N/A,#N/A,#N/A,#N/A,,,,,,,,#N/A,#N/A,,2
publicationDate-of,noun,feminine_la,data di pubblicazione,compositori,di,NounPPFrame,range,domain,1,dbo:publicationDate,dbo:WrittenWork,xsd:date,,,,,,,,,#N/A,#N/A,#N/A,#N/A,#N/A,,,,,,,,#N/A,#N/A,,2
composer-of,noun,masculine_il,compositore,direttori,di,NounPPFrame,range,domain,1,dbo:composer,dbo:Work,dbo:Person,,,,,,,,,#N/A,#N/A,#N/A,#N/A,#N/A,,,,,,,,#N/A,#N/A,,2
director-of,noun,masculine_il,direttore,budget,di,NounPPFrame,range,domain,1,dbo:director,dbo:Film,dbo:Person,,,,,,,,,#N/A,#N/A,#N/A,#N/A,#N/A,,,,,,,,#N/A,#N/A,,2
budget-of,noun,masculine_il,budget,autori,di,NounPPFrame,range,domain,1,dbo:budget,dbo:Film,xsd:double,,,,,,,,,#N/A,#N/A,#N/A,#N/A,#N/A,,,,,,,,#N/A,#N/A,,2
author_of,noun,article_l,autore,produttori,di,NounPPFrame,range,domain,1,dbo:author,dbo:Work,dbo:Person,,,,,,,,,#N/A,#N/A,#N/A,#N/A,#N/A,,,,,,,,#N/A,#N/A,,2
producer-of,noun,masculine_il,produttore,università,di,NounPPFrame,range,domain,1,dbo:producer,dbo:Film,dbo:Person,,,,,,,,,#N/A,#N/A,#N/A,#N/A,#N/A,,,,,,,,#N/A,#N/A,,2
almaMater-of,noun,article_l,università,case di distribuzione,di,NounPPFrame,range,domain,1,dbo:almaMater,dbo:Person,dbo:EducationalInstitution,,,,,,,,,#N/A,#N/A,#N/A,#N/A,#N/A,,,,,,,,#N/A,#N/A,,2
distributor-of,noun,feminine_la,casa di distribuzione,-,di,NounPPFrame,range,domain,1,dbo:distributor,dbo:Film,dbo:Organisation,,,,,,,,,#N/A,#N/A,#N/A,#N/A,#N/A,,,,,,,,#N/A,#N/A,,2
gross-of,noun,masculine_il,guadagno,-,di,NounPPFrame,range,domain,1,dbo:gross,dbo:Film,xsd:double,,,,,,,,,#N/A,#N/A,#N/A,#N/A,#N/A,,,,,,,,#N/A,#N/A,,2
areaTotal-of,noun,article_l,area totale,redditi netti,di,NounPPFrame,range,domain,1,dbo:areaTotal,dbo:Place,xsd:double,,,,,,,,,#N/A,#N/A,#N/A,#N/A,#N/A,,,,,,,,#N/A,#N/A,,2
netIncome-of,noun,masculine_il,reddito netto,cittadinanze,di,NounPPFrame,range,domain,1,dbo:netIncome,dbo:Company,xsd:double,,,,,,,,,#N/A,#N/A,#N/A,#N/A,#N/A,,,,,,,,#N/A,#N/A,,2
citizenship-of,noun,feminine_la,cittadinanza,mogli,di,NounPPFrame,range,domain,1,dbo:citizenship,dbo:Person,dbo:Location,,,,,,,,,#N/A,#N/A,#N/A,#N/A,#N/A,,,,,,,,#N/A,#N/A,,2
wife-of,noun,feminine_la,moglie,-,di,NounPPFrame,range,domain,1,dbo:spouse,dbo:Person,dbo:Person,,,,,,,,,#N/A,#N/A,#N/A,#N/A,#N/A,,,,,,,,#N/A,#N/A,,2
writer-of,noun,masculine_il,scrittore,-,di,NounPPFrame,range,domain,1,dbo:writer,dbo:Work,dbo:Person,,,,,,,,,#N/A,#N/A,#N/A,#N/A,#N/A,,,,,,,,#N/A,#N/A,,2
assets-of,noun,masculine_il,patrimonio,-,di,NounPPFrame,range,domain,1,dbo:assets,dbo:Company,xsd:double,,,,,,,,,#N/A,#N/A,#N/A,#N/A,#N/A,,,,,,,,#N/A,#N/A,,2
numberOfEmployees,noun,masculine_il,numero di impiegati,-,di,NounPPFrame,range,domain,1,dbo:numberOfEmployees,dbo:Organisation,xsd:nonNegativeInteger,,,,,,,,,#N/A,#N/A,#N/A,#N/A,#N/A,,,,,,,,#N/A,#N/A,,2
operatingIncome-of,noun,masculine_il,reddito operativo,genitori,di,NounPPFrame,range,domain,1,dbo:operatingIncome,dbo:Company,xsd:double,,,,,,,,,#N/A,#N/A,#N/A,#N/A,#N/A,,,,,,,,#N/A,#N/A,,2
parent-of,noun,masculine_il,genitore,-,di,NounPPFrame,range,domain,1,dbo:parent,dbo:Person,dbo:Person,,,,,,,,,#N/A,#N/A,#N/A,#N/A,#N/A,,,,,,,,#N/A,#N/A,,2
publisher-of,noun,article_l,editore,-,di,NounPPFrame,range,domain,2,dbo:publisher,dbo:WrittenWork,dbo:Agent,,,,,,,,,#N/A,#N/A,#N/A,#N/A,#N/A,,,,,,,,#N/A,#N/A,,
membership-of,noun,article_l,appartenenza,-,di,NounPPFrame,range,domain,1,dbo:membership,dbo:Organisation,rdf:langString,,,,,,,,,#N/A,#N/A,#N/A,#N/A,#N/A,,,,,,,,#N/A,#N/A,,
purpose-of,noun,article_l,obiettivo,-,di,NounPPFrame,range,domain,1,dbo:purpose,dbo:Organisation,xsd:string,,,,,,,,,#N/A,#N/A,#N/A,#N/A,#N/A,,,,,,,,#N/A,#N/A,,
revenueYear-of,noun,article_l,anno del reddito dichiarato,inni,di,NounPPFrame,range,domain,1,dbo:revenueYear,dbo:Organisation,xsd:gYear,,,,,,,,,#N/A,#N/A,#N/A,#N/A,#N/A,,,,,,,,#N/A,#N/A,,
anthem-of,noun,article_l,linno,-,di,NounPPFrame,range,domain,1,dbo:anthem,dbo:Country,xsd:string,,,,,,,,,#N/A,#N/A,#N/A,#N/A,#N/A,,,,,,,,#N/A,#N/A,,
currencyCode-of,noun,masculine_il,codice valuta,-,di,NounPPFrame,range,domain,1,dbo:currencyCode,dbo:currency,xsd:string,,,,,,,,,#N/A,#N/A,#N/A,#N/A,#N/A,,,,,,,,#N/A,#N/A,,
numberOfStudents-of,noun,masculine_il,numero di studenti,-,di,NounPPFrame,range,domain,1,dbo:numberOfStudents,dbo:EducationalInstitution,xsd:nonNegativeInteger,,,,,,,,,#N/A,#N/A,#N/A,#N/A,#N/A,,,,,,,,#N/A,#N/A,,
numberOfPostgraduateStudents,noun,masculine_il,numero di studenti postdoc,-,di,NounPPFrame,range,domain,1,dbo:numberOfPostgraduateStudents,dbo:University,xsd:nonNegativeInteger,,,,,,,,,#N/A,#N/A,#N/A,#N/A,#N/A,,,,,,,,#N/A,#N/A,,
numberOfUndergraduateStudents,noun,masculine_il,numero di studenti universitari,-,di,NounPPFrame,range,domain,1,dbo:numberOfUndergraduateStudents,dbo:EducationalInstitution,xsd:nonNegativeInteger,,,,,,,,,#N/A,#N/A,#N/A,#N/A,#N/A,,,,,,,,#N/A,#N/A,,
numberOfStaff,noun,masculine_il,numero di dipendenti,partiti,di,NounPPFrame,range,domain,1,dbo:staff,dbo:Organisation,xsd:nonNegativeInteger,,,,,,,,,#N/A,#N/A,#N/A,#N/A,#N/A,,,,,,,,#N/A,#N/A,,
party-of,noun,masculine_il,partito,-,di,NounPPFrame,range,domain,1,dbo:party,dbo:Politician,xsd:string,,,,,,,,,#N/A,#N/A,#N/A,#N/A,#N/A,,,,,,,,#N/A,#N/A,,
numberOfEpisodes-of,noun,-,-,numero di episodi,di,NounPPFrame,range,domain,1,dbo:numberOfEpisodes,dbo:TelevisionShow,xsd:integer,,,,,,,,,#N/A,#N/A,#N/A,#N/A,#N/A,,,,,,,,#N/A,#N/A,,
numberOfSeasons-of,noun,-,-,numero di stagioni,di,NounPPFrame,range,domain,1,dbo:numberOfSeasons,dbo:TelevisionShow,xsd:integer,,,,,,,,,#N/A,#N/A,#N/A,#N/A,#N/A,,,,,,,,#N/A,#N/A,,
presenter-of_m,noun,masculine_il,presentatore,presentatori,di,NounPPFrame,range,domain,1,dbo:presenter,dbo:TelevisionShow,dbo:Person,,,,,,,,,#N/A,#N/A,#N/A,#N/A,#N/A,,,,,,,,#N/A,#N/A,,
presenter-of_f,noun,feminine_la,presentatrice,presentatrici,di,NounPPFrame,range,domain,1,dbo:presenter,dbo:TelevisionShow,dbo:Person,,,,,,,,,#N/A,#N/A,#N/A,#N/A,#N/A,,,,,,,,#N/A,#N/A,,
religion-of,noun,feminine_la,religione,-,di,NounPPFrame,range,domain,1,dbo:religion,dbo:Country,xsd:string,,,,,,,,,#N/A,#N/A,#N/A,#N/A,#N/A,,,,,,,,#N/A,#N/A,,
designer-of,noun,article_l,ideatore,attori,di,NounPPFrame,range,domain,1,dbo:designer,dbo:Work,dbo:Person,,,,,,,,,#N/A,#N/A,#N/A,#N/A,#N/A,,,,,,,,#N/A,#N/A,,
actor-of_m,noun,article_l,attore,attrici,di,NounPPFrame,range,domain,1,dbo:Actor,dbo:Film,dbo:Person,,,,,,,,,#N/A,#N/A,#N/A,#N/A,#N/A,,,,,,,,#N/A,#N/A,,
actor-of_f,noun,article_l,attrice,leader politici,di,NounPPFrame,range,domain,1,dbo:Actor,dbo:Film,dbo:Person,,,,,,,,,#N/A,#N/A,#N/A,#N/A,#N/A,,,,,,,,#N/A,#N/A,,
politicalLeader-of,noun,masculine_il,leader politico,leader politici,di,NounPPFrame,range,domain,1,dbo:politicalLeader,dbo:Place,dbo:PersonFunction,,,,,,,,,#N/A,#N/A,#N/A,#N/A,#N/A,,,,,,,,#N/A,#N/A,,
music_by,noun,feminine_la,musica,musiche,di,NounPPFrame,range,domain,1,dbo:musicBy,dbo:Person,dbo:Musical,,,,,,,,,#N/A,#N/A,#N/A,#N/A,#N/A,,,,,,,,,,,
seatingCapacity,noun,-,-,posti a sedere,di,NounPPFrame,range,domain,1,dbo:seatingCapacity,dbo:Stadium,dbo:Capacity,,,,,,,,,#N/A,#N/A,#N/A,#N/A,#N/A,,,,,,,,,,,
coach,noun,l'allenatore,allenatore,-,di,NounPPFrame,range,domain,1,dbo:coach,dbo:Organisation,dbo:Person,,,,,,,,,#N/A,#N/A,#N/A,#N/A,#N/A,,,,,,,,,,,
officialLanguage,noun,feminine_la,lingua ufficiale ,-,di,NounPPFrame,range,domain,1,dbo:officialLanguage,dbo:Country,dbo:Language,,,,,,,,,#N/A,#N/A,#N/A,#N/A,#N/A,,,,,,,,,,,
ingredients,noun,-,-,ingredienti,di,NounPPFrame,range,domain,1,dbo:Ingredient,dbo:Food,owl:Thing,,,,,,,,,#N/A,#N/A,#N/A,#N/A,#N/A,,,,,,,,,,,
launchPad,noun,feminine_la,rampa di lancio,rampe di lancio,di,NounPPFrame,range,domain,1,dbo:operator,dbo:LaunchPad,dbo:Company,,,,,,,,,#N/A,#N/A,#N/A,#N/A,#N/A,,,,,,,,,,,
programming-language,noun,masculine_il,linguaggio di programmazione,-,di,NounPPFrame,range,domain,1,dbo:programmingLanguage,dbo:Software,dbo:ProgrammingLanguage,,,,,,,,,#N/A,#N/A,#N/A,#N/A,#N/A,,,,,,,,,,,
videogame-by,noun,masculine_il,videogioco,videogiochi,di,NounPPFrame,range,domain,1,dbo:publisher,dbo:Company,dbo:VideoGame,,,,,,,,,#N/A,#N/A,#N/A,#N/A,#N/A,,,,,,,,,,,
trueName,noun,masculine_il,vero nome,-,di,NounPPFrame,range,domain,1,dbp:alterEgo,dbo:FictionalCharacter,xsd:string,,,,,,,,,#N/A,#N/A,#N/A,#N/A,#N/A,,,,,,,,,,,
gamesBy,noun,masculine_il,gioco,giochi,di,NounPPFrame,range,domain,1,dbo:publisher,dbo:BoardGame,dbo:Company,,,,,,,,,#N/A,#N/A,#N/A,#N/A,#N/A,,,,,,,,,,,
president,noun,masculine_il,presidente,-,di,NounPPFrame,range,domain,1,dbo:leader,dbo:Country,dbo:Person,,,,,,,,,#N/A,#N/A,#N/A,#N/A,#N/A,,,,,,,,,,,
pages,noun,-,-,pagine,di,NounPPFrame,range,domain,1,dbo:numberOfPages,dbo:Book,xsd:double,,,,,,,,,#N/A,#N/A,#N/A,#N/A,#N/A,,,,,,,,,,,
vicepresident,noun,masculine_il,vicepresidente,-,di,NounPPFrame,range,domain,1,dbo:vicePresident,dbo:Person,dbo:Person,,,,,,,,,#N/A,#N/A,#N/A,#N/A,#N/A,,,,,,,,,,,
king,noun,masculine_il,re,-,di,NounPPFrame,range,domain,1,dbo:leader,dbo:Country,dbo:Person,,,,,,,,,#N/A,#N/A,#N/A,#N/A,#N/A,,,,,,,,,,,
population_2,noun,-,-,abitanti,di,NounPPFrame,range,domain,1,dbo:populationTotal,dbo:Place,xsd:double,,,,,,,,,#N/A,#N/A,#N/A,#N/A,#N/A,,,,,,,,,,,
races,noun,-,-,gare,di,NounPPFrame,range,domain,1,dbo:races,dbo:FormulaOneRacer,dbo:races,,,,,,,,,#N/A,#N/A,#N/A,#N/A,#N/A,,,,,,,,,,,
nicknames,noun,masculine_il,soprannome,soprannomi,di,NounPPFrame,range,domain,1,dbp:nickname,dbo:Place,xsd:string,,,,,,,,,#N/A,#N/A,#N/A,#N/A,#N/A,,,,,,,,,,,
countryOf,noun,la nazione,nazione,-,di,NounPPFrame,range,domain,1,dbo:foundationPlace,dbo:Company,dbo:Place,,,,,,,,,#N/A,#N/A,#N/A,#N/A,#N/A,,,,,,,,,,,
autobiography,noun,article_l,autobiografia,-,di,NounPPFrame,range,domain,1,dbo:author,dbo:Person,dbr:Autobiography,,,,,,,,,#N/A,#N/A,#N/A,#N/A,#N/A,,,,,,,,,,,
booksFromCollection,noun,-,-,libri,di,NounPPFrame,range,domain,1,dbo:series,dbo:Book,owl:Think,,,,,,,,,#N/A,#N/A,#N/A,#N/A,#N/A,,,,,,,,,,,
members,noun,masculine_il,imembro,membri,di,NounPPFrame,range,domain,1,dbo:bandMember,dbo:Group,dbo:Person,,,,,,,,,#N/A,#N/A,#N/A,#N/A,#N/A,,,,,,,,,,,
citiesOf,noun,-,-,città,di,NounPPFrame,range,domain,1,dbo:isPartOf,dbo:City,dbo:Region,,,,,,,,,#N/A,#N/A,#N/A,#N/A,,,,,,,,,,,,