1,-,List all boardgames by GMT.,-,PREFIX dbo: <http://dbpedia.org/ontology/> PREFIX res: <http://dbpedia.org/resource/> PREFIX rdfs: <http://www.w3.org/2000/01/rdf-schema#> SELECT ?uri WHERE { ?uri dbo:publisher res:GMT_Games }
3,-,Which people were born in Heraklion?,-,PREFIX yago: <http://dbpedia.org/class/yago/> PREFIX rdfs: <http://www.w3.org/2000/01/rdf-schema#> PREFIX rdf: <http://www.w3.org/1999/02/22-rdf-syntax-ns#> PREFIX onto: <http://dbpedia.org/ontology/> SELECT DISTINCT ?uri WHERE { ?uri rdf:type onto:Person ; onto:birthPlace <http://dbpedia.org/resource/Heraklion>. }
4,-,In which U.S. state is Area 51 located?,-,PREFIX dbo: <http://dbpedia.org/ontology/> PREFIX res: <http://dbpedia.org/resource/> PREFIX rdfs: <http://www.w3.org/2000/01/rdf-schema#> SELECT DISTINCT ?uri WHERE { res:Area_51 dbo:location ?uri . ?uri dbo:country res:United_States. }
6,-,Which countries have places with more than two caves?,-,PREFIX dbo: <http://dbpedia.org/ontology/> PREFIX rdf: <http://www.w3.org/1999/02/22-rdf-syntax-ns#> SELECT DISTINCT ?uri WHERE { ?cave rdf:type dbo:Cave ; dbo:location ?uri . ?uri rdf:type dbo:Country } GROUP BY ?uri HAVING ( COUNT(?cave) > 2 )
9,-,Give me all actors starring in movies directed by and starring William Shatner.,-,PREFIX dbo: <http://dbpedia.org/ontology/> PREFIX res: <http://dbpedia.org/resource/> PREFIX dbp: <http://dbpedia.org/property/> SELECT DISTINCT ?uri WHERE { ?x dbo:director res:William_Shatner ; dbo:starring res:William_Shatner { ?x dbo:starring ?uri } UNION { ?x dbp:starring ?uri } }
11,-,Give me all Danish films.,-,PREFIX dbo: <http://dbpedia.org/ontology/> PREFIX res: <http://dbpedia.org/resource/> PREFIX rdf: <http://www.w3.org/1999/02/22-rdf-syntax-ns#> SELECT DISTINCT ?uri WHERE { ?uri rdf:type dbo:Film ; dbo:country res:Denmark }
12,-,Which movies starring Brad Pitt were directed by Guy Ritchie?,-,PREFIX dbo: <http://dbpedia.org/ontology/> PREFIX res: <http://dbpedia.org/resource/> PREFIX rdf: <http://www.w3.org/1999/02/22-rdf-syntax-ns#> SELECT DISTINCT ?uri WHERE { ?uri rdf:type dbo:Film ; dbo:starring res:Brad_Pitt ; dbo:director res:Guy_Ritchie }
13,-,Give me the grandchildren of Bruce Lee.,-,PREFIX dbo: <http://dbpedia.org/ontology/> PREFIX res: <http://dbpedia.org/resource/> SELECT DISTINCT ?uri WHERE { res:Bruce_Lee dbo:child ?child . ?child <http://dbpedia.org/property/children> ?uri }
14,-,Which other weapons did the designer of the Uzi develop?,-,PREFIX dbo: <http://dbpedia.org/ontology/> PREFIX res: <http://dbpedia.org/resource/> PREFIX dbp: <http://dbpedia.org/property/> PREFIX rdf: <http://www.w3.org/1999/02/22-rdf-syntax-ns#> SELECT DISTINCT ?uri WHERE { ?uri rdf:type dbo:Weapon ; dbp:designer ?x . res:Uzi dbp:designer ?x FILTER ( ?uri != res:Uzi ) }
16,-,Which state of the USA has the highest population density?,-,PREFIX yago: <http://dbpedia.org/class/yago/> PREFIX dbp: <http://dbpedia.org/property/> PREFIX rdf: <http://www.w3.org/1999/02/22-rdf-syntax-ns#> SELECT DISTINCT ?uri WHERE { ?uri rdf:type yago:WikicatStatesOfTheUnitedStates ; dbp:densityrank ?rank } ORDER BY ASC(?rank) LIMIT 1
17,-,Which monarchs were married to a German?,-,PREFIX dbo: <http://dbpedia.org/ontology/> PREFIX res: <http://dbpedia.org/resource/> PREFIX rdf: <http://www.w3.org/1999/02/22-rdf-syntax-ns#> SELECT DISTINCT ?uri WHERE { ?uri rdf:type dbo:Monarch ; dbo:spouse ?spouse { ?spouse dbo:birthPlace res:Germany } UNION { ?spouse dbo:birthPlace ?p . ?p dbo:country res:Germany } }
,,,,
19,-,Who created the comic Captain America?,-,PREFIX dbo: <http://dbpedia.org/ontology/> PREFIX res: <http://dbpedia.org/resource/> SELECT DISTINCT ?uri WHERE { res:Captain_America dbo:creator ?uri }
20,-,Give me the Apollo 14 astronauts.,-,PREFIX dbo: <http://dbpedia.org/ontology/> PREFIX res: <http://dbpedia.org/resource/> SELECT DISTINCT ?uri WHERE { ?uri dbo:mission res:Apollo_14 }
21,-,Who wrote the book The pillars of the Earth?,-,PREFIX dbo: <http://dbpedia.org/ontology/> PREFIX res: <http://dbpedia.org/resource/> PREFIX rdfs: <http://www.w3.org/2000/01/rdf-schema#> SELECT DISTINCT ?uri WHERE { res:The_Pillars_of_the_Earth dbo:author ?uri }
22,-,Which state of the United States of America has the highest density?,-,PREFIX yago: <http://dbpedia.org/class/yago/> PREFIX rdfs: <http://www.w3.org/2000/01/rdf-schema#> PREFIX dbp: <http://dbpedia.org/property/> PREFIX rdf: <http://www.w3.org/1999/02/22-rdf-syntax-ns#> SELECT ?uri WHERE { ?uri dbp:densityrank ?density } ORDER BY ASC(?density) LIMIT 1
23,-,Which spaceflights were launched from Baikonur?,-,PREFIX dbo: <http://dbpedia.org/ontology/> PREFIX res: <http://dbpedia.org/resource/> SELECT DISTINCT ?uri WHERE { ?uri <http://dbpedia.org/property/launchPad> res:Baikonur_Cosmodrome }
24,-,Give me a list of all trumpet players that were bandleaders.,-,PREFIX dbo: <http://dbpedia.org/ontology/> PREFIX res: <http://dbpedia.org/resource/> SELECT DISTINCT ?uri WHERE { ?uri dbo:occupation res:Bandleader ; dbo:instrument res:Trumpet }
25,-,Which U.S. states are in the same timezone as Utah?,-,PREFIX yago: <http://dbpedia.org/class/yago/> PREFIX res: <http://dbpedia.org/resource/> PREFIX dbp: <http://dbpedia.org/property/> PREFIX rdf: <http://www.w3.org/1999/02/22-rdf-syntax-ns#> SELECT DISTINCT ?uri WHERE { res:Utah dbp:timezone ?x . ?uri rdf:type yago:WikicatStatesOfTheUnitedStates ; dbp:timezone ?x FILTER ( ?uri != res:Utah ) }
26,-,Which U.S. states possess gold minerals?,-,"PREFIX yago: <http://dbpedia.org/class/yago/> PREFIX dbp: <http://dbpedia.org/property/> PREFIX rdf: <http://www.w3.org/1999/02/22-rdf-syntax-ns#> SELECT DISTINCT ?uri WHERE { ?uri rdf:type yago:WikicatStatesOfTheUnitedStates ; dbp:mineral ?mineral FILTER regex(?mineral, gold, i) }"
27,-,Who is the daughter of Ingrid Bergman married to?,-,PREFIX dbo: <http://dbpedia.org/ontology/> PREFIX res: <http://dbpedia.org/resource/> SELECT DISTINCT ?uri WHERE { res:Ingrid_Bergman dbo:child ?child . ?child <http://dbpedia.org/property/spouse> ?uri }
28,-,How deep is Lake Placid?,-,PREFIX dbo: <http://dbpedia.org/ontology/> SELECT DISTINCT ?n WHERE { <http://dbpedia.org/resource/Lake_Placid_(Texas)> dbo:maximumDepth ?n }
29,-,Show me all museums in London.,-,SELECT DISTINCT ?uri WHERE { ?uri a <http://dbpedia.org/ontology/Museum> ; <http://dbpedia.org/ontology/location> <http://dbpedia.org/resource/London> }
30,-,Which caves have more than 3 entrances?,-,SELECT DISTINCT ?uri WHERE { ?uri a <http://dbpedia.org/ontology/Cave> ; <http://dbpedia.org/property/entranceCount> ?entrance FILTER ( ?entrance > 3 ) }
31,-,Who is the tallest player of the Atlanta Falcons?,-,SELECT DISTINCT ?uri WHERE { ?uri <http://dbpedia.org/ontology/team> <http://dbpedia.org/resource/Atlanta_Falcons> ; <http://dbpedia.org/ontology/height> ?h } ORDER BY DESC(?h) OFFSET 0 LIMIT 1
32,-,What are the top-10 action role-playing video games according to IGN?,-,SELECT DISTINCT ?uri WHERE { ?uri <http://purl.org/dc/terms/subject> <http://dbpedia.org/resource/Category:Action_role-playing_video_games> ; <http://dbpedia.org/property/ign> ?score } ORDER BY DESC(?score) LIMIT 10
33,-,Give me all writers that won the Nobel Prize in literature.,-,SELECT DISTINCT ?uri WHERE { ?uri a <http://dbpedia.org/ontology/Writer> ; <http://dbpedia.org/ontology/award> <http://dbpedia.org/resource/Nobel_Prize_in_Literature> }
34,-,Show me all basketball players that are higher than 2 meters.,-,SELECT DISTINCT ?uri WHERE { ?uri a <http://dbpedia.org/ontology/BasketballPlayer> ; <http://dbpedia.org/ontology/height> ?n FILTER ( ?n > 2.0 ) }
35,-,When was the Statue of Liberty built?,-,SELECT DISTINCT ?date WHERE { <http://dbpedia.org/resource/Statue_of_Liberty> <http://dbpedia.org/property/beginningDate> ?date }
36,-,Which states border Illinois?,-,SELECT DISTINCT ?uri WHERE { <http://dbpedia.org/resource/Illinois> <http://dbpedia.org/property/borderingstates> ?uri }
39,-,What movies does Jesse Eisenberg play in?,-,SELECT DISTINCT ?uri WHERE { ?uri a <http://dbpedia.org/ontology/Film> ; <http://dbpedia.org/ontology/starring> <http://dbpedia.org/resource/Jesse_Eisenberg> }
40,-,Give all swimmers that were born in Moscow.,-,SELECT DISTINCT ?uri WHERE { ?uri a <http://dbpedia.org/ontology/Swimmer> ; <http://dbpedia.org/ontology/birthPlace> <http://dbpedia.org/resource/Moscow> }
41,-,Give me all cosmonauts.,-,SELECT DISTINCT ?uri WHERE { ?uri a <http://dbpedia.org/ontology/Astronaut> { ?uri <http://dbpedia.org/ontology/nationality> <http://dbpedia.org/resource/Russia> } UNION { ?uri <http://dbpedia.org/ontology/nationality> <http://dbpedia.org/resource/Soviet_Union> } }
42,-,Give me all Swiss non-profit organizations.,-,SELECT DISTINCT ?uri WHERE { ?uri <http://dbpedia.org/ontology/type> <http://dbpedia.org/resource/Nonprofit_organization> { ?uri <http://dbpedia.org/ontology/location> <http://dbpedia.org/resource/Switzerland> } UNION { ?uri <http://dbpedia.org/ontology/location> ?x . ?x <http://dbpedia.org/ontology/country> <http://dbpedia.org/resource/Switzerland> } }
43,-,Which presidents were born in 1945?,-,"SELECT DISTINCT ?uri WHERE { ?uri a <http://dbpedia.org/ontology/President> ; <http://dbpedia.org/ontology/birthDate> ?date FILTER regex(?date, ^1945) }"
44,-,What kind of music did Lou Reed play?,-,SELECT DISTINCT ?uri WHERE { <http://dbpedia.org/resource/Lou_Reed> <http://dbpedia.org/ontology/genre> ?uri }
45,-,Where do the Red Sox play?,-,SELECT DISTINCT ?uri WHERE { <http://dbpedia.org/resource/Boston_Red_Sox> <http://dbpedia.org/property/ballpark> ?uri }
46,-,Show a list of soccer clubs that play in the Bundesliga.,-,SELECT DISTINCT ?uri WHERE { ?uri a <http://dbpedia.org/ontology/SoccerClub> ; <http://dbpedia.org/ontology/league> <http://dbpedia.org/resource/Bundesliga> }
47,-,Which volcanos in Japan erupted since 2000?,-,SELECT DISTINCT ?uri WHERE { ?uri a <http://dbpedia.org/ontology/Volcano> ; <http://dbpedia.org/ontology/locatedInArea> <http://dbpedia.org/resource/Japan> ; <http://dbpedia.org/ontology/eruptionYear> ?date FILTER ( year(?date) >= 2000 ) }
48,-,Which bridges cross the Seine?,-,SELECT DISTINCT ?uri WHERE { ?uri a <http://dbpedia.org/ontology/Bridge> ; <http://dbpedia.org/ontology/crosses> <http://dbpedia.org/resource/Seine> }
49,-,What is the official color of the University of Oxford?,-,SELECT DISTINCT ?string WHERE { <http://dbpedia.org/resource/University_of_Oxford> <http://dbpedia.org/ontology/officialSchoolColour> ?string }
50,-,How many films did Hal Roach produce?,-,SELECT (COUNT(DISTINCT ?uri) AS ?c) WHERE { ?uri <http://dbpedia.org/ontology/producer> <http://dbpedia.org/resource/Hal_Roach> }
51,-,Give me all Danish movies.,-,SELECT DISTINCT ?uri WHERE { ?uri a <http://dbpedia.org/ontology/Film> ; <http://dbpedia.org/ontology/country> <http://dbpedia.org/resource/Denmark> }
52,-,What is the most frequent cause of death?,-,SELECT DISTINCT ?x WHERE { ?uri <http://dbpedia.org/ontology/deathCause> ?x . } ORDER BY DESC(COUNT(DISTINCT ?uri)) OFFSET 0 LIMIT 1
53,-,Who are the four youngest MVP basketball players?,-,"SELECT DISTINCT ?uri WHERE { ?uri a <http://dbpedia.org/ontology/BasketballPlayer> ; <http://dbpedia.org/ontology/birthDate> ?date ; <http://dbpedia.org/property/highlights> ?h FILTER regex(?h, MVP) } ORDER BY DESC(?date) OFFSET 0 LIMIT 4"
54,-,Give me all companies in Munich.,-,SELECT DISTINCT ?uri WHERE { ?uri a <http://dbpedia.org/ontology/Company> { ?uri <http://dbpedia.org/ontology/location> <http://dbpedia.org/resource/Munich> } UNION { ?uri <http://dbpedia.org/ontology/headquarter> <http://dbpedia.org/resource/Munich> } UNION { ?uri <http://dbpedia.org/ontology/locationCity> <http://dbpedia.org/resource/Munich> } }
55,-,Give me the capitals of all countries that the Himalayas run through.,-,SELECT DISTINCT ?uri WHERE { <http://dbpedia.org/resource/Himalayas> <http://dbpedia.org/ontology/country> ?country . ?country <http://dbpedia.org/ontology/capital> ?uri }
56,-,How many movies did Park Chan-wook direct?,-,SELECT COUNT(DISTINCT ?uri AS ?uri) WHERE { ?uri <http://dbpedia.org/ontology/director> <http://dbpedia.org/resource/Park_Chan-wook> . }
,,,,
58,-,How many airlines are there?,-,SELECT (COUNT(DISTINCT ?uri) AS ?c) WHERE { ?uri a <http://dbpedia.org/ontology/Airline> }
59,-,Give me all islands that belong to Japan.,-,SELECT DISTINCT ?uri WHERE { ?uri a <http://dbpedia.org/ontology/Island> ; <http://dbpedia.org/ontology/country> <http://dbpedia.org/resource/Japan> }
60,-,How many inhabitants does Maribor have?,-,SELECT DISTINCT ?num WHERE { <http://dbpedia.org/resource/Maribor> <http://dbpedia.org/ontology/populationTotal> ?num }
61,-,Give me all Apollo 14 astronauts.,-,SELECT DISTINCT ?uri WHERE { ?uri <http://dbpedia.org/ontology/mission> <http://dbpedia.org/resource/Apollo_14> }
62,-,Which companies have more than 1 million employees?,-,SELECT DISTINCT ?uri WHERE { ?uri a <http://dbpedia.org/ontology/Company> { ?uri <http://dbpedia.org/ontology/numberOfEmployees> ?n } UNION { ?uri <http://dbpedia.org/property/numEmployees> ?n } FILTER ( ?n > 1000000 ) }
63,-,In which films directed by Garry Marshall was Julia Roberts starring?,-,SELECT DISTINCT ?uri WHERE { ?uri a <http://dbpedia.org/ontology/Film> ; <http://dbpedia.org/ontology/starring> <http://dbpedia.org/resource/Julia_Roberts> ; <http://dbpedia.org/ontology/director> <http://dbpedia.org/resource/Garry_Marshall> }
64,-,Give me all soccer clubs in the Premier League.,-,SELECT DISTINCT ?uri WHERE { ?uri a <http://dbpedia.org/ontology/SoccerClub> ; <http://dbpedia.org/ontology/league> <http://dbpedia.org/resource/Premier_League> }
65,-,What is the highest place of the Urals?,-,SELECT DISTINCT ?uri WHERE { <http://dbpedia.org/resource/Ural_Mountains> <http://dbpedia.org/property/highest> ?uri }
66,-,Who is the governor of Wyoming?,-,SELECT DISTINCT ?uri WHERE { <http://dbpedia.org/resource/Wyoming> <http://dbpedia.org/property/governor> ?uri }
67,-,Where did the architect of the Eiffel Tower study?,-,SELECT DISTINCT ?uri WHERE { <http://dbpedia.org/resource/Eiffel_Tower> <http://dbpedia.org/ontology/architect> ?x . ?x <http://dbpedia.org/property/almaMater> ?uri }
68,-,Give me all world heritage sites designated within the past two years.,-,SELECT DISTINCT ?uri WHERE { ?uri <http://www.w3.org/1999/02/22-rdf-syntax-ns#type> <http://dbpedia.org/ontology/WorldHeritageSite> . { ?uri <http://dbpedia.org/property/year> '2013'^^xsd:integer . } UNION { ?uri <http://dbpedia.org/property/year> '2014'^^xsd:integer . } }
69,-,Give me all actors who were born in Paris after 1950.,-,SELECT DISTINCT ?uri WHERE { ?uri <http://www.w3.org/1999/02/22-rdf-syntax-ns#type> <http://dbpedia.org/ontology/Actor> . ?uri <http://dbpedia.org/ontology/birthPlace> <http://dbpedia.org/resource/Paris> . ?uri <http://dbpedia.org/ontology/birthDate> ?date . FILTER ( ?date >= xsd:dateTime('1950-12-31T00:00:00Z')) }
70,-,Which movies star both Liz Taylor and Richard Burton?,-,SELECT DISTINCT ?uri WHERE { ?uri <http://dbpedia.org/ontology/starring> <http://dbpedia.org/resource/Elizabeth_Taylor> ; <http://dbpedia.org/ontology/starring> <http://dbpedia.org/resource/Richard_Burton> }
71,-,Give me all Australian nonprofit organizations.,-,SELECT DISTINCT ?uri WHERE { ?uri <http://dbpedia.org/ontology/type> <http://dbpedia.org/resource/Nonprofit_organization> { ?uri <http://dbpedia.org/ontology/locationCountry> <http://dbpedia.org/resource/Australia> } UNION { ?uri <http://dbpedia.org/ontology/location> ?x . ?x <http://dbpedia.org/ontology/country> <http://dbpedia.org/resource/Australia> } }
72,-,Which pope succeeded John Paul II?,-,SELECT DISTINCT ?uri WHERE { <http://dbpedia.org/resource/Pope_John_Paul_II> <http://dbpedia.org/property/successor> ?uri }
73,-,Give me all ESA astronauts.,-,SELECT DISTINCT ?uri WHERE { ?uri a <http://dbpedia.org/ontology/Astronaut> ; <http://dbpedia.org/property/type> <http://dbpedia.org/resource/European_Space_Agency> }
74,-,Who was president of Pakistan in 1978?,-,SELECT DISTINCT ?uri WHERE { ?uri <http://dbpedia.org/property/title> <http://dbpedia.org/resource/President_of_Pakistan> ; <http://dbpedia.org/property/years> 1978 }
75,-,Who is the owner of Rolls-Royce?,-,SELECT DISTINCT ?uri WHERE { <http://dbpedia.org/resource/Rolls-Royce_Motors> <http://dbpedia.org/ontology/owner> ?uri }
76,-,How many museums does Paris have?,-,SELECT DISTINCT ?uri WHERE { ?uri a <http://dbpedia.org/ontology/Museum> ; <http://dbpedia.org/ontology/location> <http://dbpedia.org/resource/Paris> }
77,-,Where was JFK assassinated?,-,SELECT DISTINCT ?uri WHERE { <http://dbpedia.org/resource/John_F._Kennedy> <http://dbpedia.org/ontology/deathPlace> ?uri }
78,-,Give me all federal chancellors of Germany.,-,SELECT DISTINCT ?uri WHERE { ?uri a <http://dbpedia.org/ontology/Person> { ?uri <http://dbpedia.org/ontology/office> Chancellor of Germany } UNION { ?uri <http://dbpedia.org/property/office> <http://dbpedia.org/resource/Chancellor_of_Germany> } }
,,,,
80,-,Which beer originated in Ireland?,-,SELECT DISTINCT ?uri WHERE { ?uri <http://dbpedia.org/property/type> <http://dbpedia.org/resource/Beer> ; <http://dbpedia.org/ontology/origin> <http://dbpedia.org/resource/Beer_in_Ireland> }
81,-,To which countries does the Himalayan mountain system extend?,-,SELECT DISTINCT ?uri WHERE { <http://dbpedia.org/resource/Himalayas> <http://dbpedia.org/ontology/country> ?uri }
,,,,
83,-,How much carbs does peanut butter have?,-,SELECT DISTINCT ?carbs WHERE { <http://dbpedia.org/resource/Peanut_butter> <http://dbpedia.org/property/carbs> ?carbs }
84,-,Who produced the most films?,-,SELECT DISTINCT ?uri WHERE { ?film <http://www.w3.org/1999/02/22-rdf-syntax-ns#type> <http://dbpedia.org/ontology/Film> . ?film <http://dbpedia.org/ontology/producer> ?uri . } ORDER BY DESC(COUNT(?film)) OFFSET 0 LIMIT 1
85,-,How many employees does Google have?,-,SELECT DISTINCT ?num WHERE { <http://dbpedia.org/resource/Google> <http://dbpedia.org/ontology/numberOfEmployees> ?num }
86,-,Give me all actors who were born in Berlin.,-,SELECT DISTINCT ?uri WHERE { ?uri a <http://dbpedia.org/ontology/Actor> ; <http://dbpedia.org/ontology/birthPlace> <http://dbpedia.org/resource/Berlin> }
87,-,Who created Goofy?,-,SELECT DISTINCT ?uri WHERE { <http://dbpedia.org/resource/Goofy> <http://dbpedia.org/ontology/creator> ?uri }
88,-,Which music albums contain the song Last Christmas?,-,SELECT DISTINCT ?uri WHERE { ?single <http://dbpedia.org/ontology/album> ?uri ; <http://www.w3.org/2000/01/rdf-schema#label> Last Christmas@en }
89,-,When was Alberta admitted as province?,-,SELECT DISTINCT ?date WHERE { <http://dbpedia.org/resource/Alberta> <http://dbpedia.org/property/admittancedate> ?date }
90,-,How many missions does the Soyuz programme have?,-,SELECT (COUNT(DISTINCT ?uri) AS ?c) WHERE { ?uri <http://dbpedia.org/property/programme> <http://dbpedia.org/resource/Soyuz_programme> }
91,-,Give me all the TV shows with Neil Patrick Harris.,-,SELECT DISTINCT ?uri WHERE { ?uri a <http://dbpedia.org/ontology/TelevisionShow> ; <http://dbpedia.org/ontology/starring> <http://dbpedia.org/resource/Neil_Patrick_Harris> }
92,-,When were the Hells Angels founded?,-,SELECT DISTINCT ?date WHERE { <http://dbpedia.org/resource/Hells_Angels> <http://dbpedia.org/property/founded> ?date }
93,-,What is the net income of Apple?,-,SELECT DISTINCT ?ni WHERE { <http://dbpedia.org/resource/Apple_Inc.> <http://dbpedia.org/ontology/netIncome> ?ni }
94,-,Give me all Swedish holidays.,-,SELECT DISTINCT ?uri WHERE { ?uri a <http://dbpedia.org/ontology/Holiday> ; <http://dbpedia.org/ontology/country> <http://dbpedia.org/resource/Sweden> }
95,-,In which city was the former Dutch queen Juliana buried?,-,SELECT DISTINCT ?uri WHERE { <http://dbpedia.org/resource/Juliana_of_the_Netherlands> <http://dbpedia.org/property/burialPlace> ?uri . ?uri a <http://dbpedia.org/ontology/Settlement> }
96,-,List all the musicals with music by Leonard Bernstein.,-,SELECT DISTINCT ?uri WHERE { ?uri a <http://dbpedia.org/ontology/Musical> ; <http://dbpedia.org/ontology/musicBy> <http://dbpedia.org/resource/Leonard_Bernstein> }
97,-,Give me all companies in the advertising industry.,-,"SELECT (COUNT(DISTINCT ?uri) AS ?c) WHERE { ?uri a <http://dbpedia.org/ontology/Company> { ?uri <http://dbpedia.org/ontology/industry> <http://dbpedia.org/resource/Advertising> } UNION { ?uri <http://dbpedia.org/ontology/industry> ?industry FILTER regex(?industry, advertising, i) } }"
98,-,What is the largest metropolitan area in Washington state?,-,SELECT DISTINCT ?uri WHERE { <http://dbpedia.org/resource/Washington_(state)> <http://dbpedia.org/property/largestmetro> ?uri }
99,-,Who killed John Lennon?,-,SELECT DISTINCT ?uri WHERE { ?uri a <http://dbpedia.org/ontology/Person> ; <http://dbpedia.org/property/conviction> <http://dbpedia.org/resource/Death_of_John_Lennon> }
100,-,Which writers studied in Istanbul?,-,SELECT DISTINCT ?uri WHERE { ?uri a <http://dbpedia.org/ontology/Writer> { ?uri <http://dbpedia.org/ontology/almaMater> ?x } UNION { ?uri <http://dbpedia.org/ontology/education> ?x } { ?x <http://dbpedia.org/ontology/city> <http://dbpedia.org/resource/Istanbul> } UNION { ?x <http://dbpedia.org/property/city> <http://dbpedia.org/resource/Istanbul> } }
101,-,Give me all Australian metalcore bands.,-,SELECT DISTINCT ?uri WHERE { ?uri a <http://dbpedia.org/ontology/Band> ; <http://dbpedia.org/ontology/genre> <http://dbpedia.org/resource/Metalcore> { ?uri <http://dbpedia.org/ontology/hometown> <http://dbpedia.org/resource/Australia> } UNION { ?uri <http://dbpedia.org/ontology/hometown> ?h . ?h <http://dbpedia.org/ontology/country> <http://dbpedia.org/resource/Australia> } }
102,-,Which countries adopted the Euro?,-,SELECT DISTINCT ?uri WHERE { ?uri a <http://dbpedia.org/ontology/Country> { ?uri <http://dbpedia.org/ontology/currency> <http://dbpedia.org/resource/Euro> } UNION { ?uri <http://dbpedia.org/property/currencyCode> EUR@en } }
103,-,Give me all types of eating disorders.,-,SELECT DISTINCT ?uri WHERE { ?uri a <http://dbpedia.org/class/yago/WikicatEatingDisorders> }
104,-,Was Marc Chagall a jew?,-,ASK WHERE { <http://dbpedia.org/resource/Marc_Chagall> <http://dbpedia.org/property/ethnicity> Jewish@en }
105,-,What was Brazil's lowest rank in the FIFA World Ranking?,-,SELECT DISTINCT ?n WHERE { <http://dbpedia.org/resource/Brazil_national_football_team> <http://dbpedia.org/property/fifaMin> ?n }
106,-,How many films did Leonardo DiCaprio star in?,-,SELECT (COUNT(DISTINCT ?uri) AS ?c) WHERE { ?uri a <http://dbpedia.org/ontology/Film> ; <http://dbpedia.org/ontology/starring> <http://dbpedia.org/resource/Leonardo_DiCaprio> }
107,-,Was Margaret Thatcher a chemist?,-,ASK WHERE { <http://dbpedia.org/resource/Margaret_Thatcher> <http://dbpedia.org/ontology/profession> <http://dbpedia.org/resource/Chemist> }
108,-,Which U.S. states are in the same time zone as Utah?,-,SELECT DISTINCT ?uri WHERE { <http://dbpedia.org/resource/Utah> <http://dbpedia.org/property/timezone> ?x . ?uri a <http://dbpedia.org/class/yago/WikicatStatesOfTheUnitedStates> ; <http://dbpedia.org/property/timezone> ?x FILTER ( ?uri != <http://dbpedia.org/resource/Utah> ) }
109,-,Give me all books written by Danielle Steel.,-,SELECT DISTINCT ?uri WHERE { ?uri a <http://dbpedia.org/ontology/Book> ; <http://dbpedia.org/ontology/author> <http://dbpedia.org/resource/Danielle_Steel> }
110,-,Which country has the most official languages?,-,SELECT DISTINCT ?uri WHERE { ?uri <http://www.w3.org/1999/02/22-rdf-syntax-ns#type> <http://dbpedia.org/ontology/Country> . ?uri <http://dbpedia.org/property/officialLanguages> ?language . } ORDER BY DESC(COUNT(?language)) OFFSET 0 LIMIT 1
111,-,What is the total amount of men and women serving in the FDNY?,-,SELECT DISTINCT ?num WHERE { <http://dbpedia.org/resource/New_York_City_Fire_Department> <http://dbpedia.org/property/employees> ?num }
113,-,Give me all libraries established earlier than 1400.,-,SELECT DISTINCT ?uri WHERE { ?uri a <http://dbpedia.org/ontology/Library> ; <http://dbpedia.org/property/established> ?year FILTER ( ?year < 1400 ) }
114,-,Which programming languages were influenced by Perl?,-,SELECT DISTINCT ?uri WHERE { ?uri a <http://dbpedia.org/ontology/ProgrammingLanguage> { ?uri <http://dbpedia.org/ontology/influencedBy> <http://dbpedia.org/resource/Perl> } UNION { <http://dbpedia.org/resource/Perl> <http://dbpedia.org/ontology/influenced> ?uri } }
115,-,In which U.S. state is Mount McKinley located?,-,SELECT DISTINCT ?uri WHERE { <http://dbpedia.org/resource/Mount_McKinley> dbo:wikiPageRedirects ?x . ?x <http://dbpedia.org/ontology/locatedInArea> ?uri. ?uri rdf:type yago:WikicatStatesOfTheUnitedStates }
116,-,What airlines are part of the SkyTeam alliance?,-,SELECT DISTINCT ?uri WHERE { ?uri a <http://dbpedia.org/ontology/Airline> { ?uri <http://dbpedia.org/ontology/alliance> <http://dbpedia.org/resource/SkyTeam> } UNION { ?uri <http://dbpedia.org/ontology/Alliance> <http://dbpedia.org/resource/SkyTeam> } }
117,-,Which ships were called after Benjamin Franklin?,-,SELECT DISTINCT ?uri WHERE { ?uri <http://dbpedia.org/property/shipNamesake> <http://dbpedia.org/resource/Benjamin_Franklin> }
118,-,Give me all Methodist politicians.,-,SELECT DISTINCT ?uri WHERE { ?uri a <http://dbpedia.org/ontology/Politician> ; <http://dbpedia.org/ontology/religion> <http://dbpedia.org/resource/Methodism> }
119,WORKS,What other books have been written by the author of The Fault in Our Stars?,SELECT ?Answer WHERE { <http://dbpedia.org/resource/The_Fault_in_Our_Stars> <http://dbpedia.org/ontology/author> ?Answer .},PREFIX dbo: <http://dbpedia.org/ontology/> SELECT ?books WHERE { ?books dbo:author <http://dbpedia.org/resource/John_Green_(author)> }
120,-,What is the highest mountain?,-,SELECT DISTINCT ?uri WHERE { ?uri a <http://dbpedia.org/ontology/Mountain> ; <http://dbpedia.org/ontology/elevation> ?elevation } ORDER BY DESC(?elevation) OFFSET 0 LIMIT 1
121,-,Which poet wrote the most books?,-,SELECT DISTINCT ?uri WHERE { ?uri <http://dbpedia.org/ontology/occupation> <http://dbpedia.org/resource/Poet> . ?x <http://dbpedia.org/ontology/author> ?uri . ?x <http://www.w3.org/1999/02/22-rdf-syntax-ns#type> <http://dbpedia.org/ontology/Book> . } ORDER BY DESC(COUNT(?x)) OFFSET 0 LIMIT 1
122,-,Which programming languages influenced Javascript?,-,SELECT DISTINCT ?uri WHERE { ?uri a <http://dbpedia.org/ontology/ProgrammingLanguage> ; <http://dbpedia.org/ontology/influenced> <http://dbpedia.org/resource/JavaScript> }
123,-,Which musician wrote the most books?,-,SELECT DISTINCT ?uri WHERE { ?uri <http://dbpedia.org/ontology/occupation> <http://dbpedia.org/resource/Musician> . ?x <http://dbpedia.org/ontology/author> ?uri . ?x <http://www.w3.org/1999/02/22-rdf-syntax-ns#type> <http://dbpedia.org/ontology/Book> . } ORDER BY DESC(COUNT(?x)) OFFSET 0 LIMIT 1
124,-,Which films starring Clint Eastwood did he direct himself?,-,SELECT DISTINCT ?uri WHERE { ?uri <http://dbpedia.org/ontology/director> <http://dbpedia.org/resource/Clint_Eastwood> ; <http://dbpedia.org/ontology/starring> <http://dbpedia.org/resource/Clint_Eastwood> }
125,-,Which software has been developed by organizations founded in California?,-,SELECT DISTINCT ?uri WHERE { ?uri a <http://dbpedia.org/ontology/Software> . ?company a <http://dbpedia.org/ontology/Company> . ?uri <http://dbpedia.org/ontology/developer> ?company . ?company <http://dbpedia.org/ontology/foundationPlace> <http://dbpedia.org/resource/California> }
126,-,Which instruments does Cat Stevens play?,-,SELECT DISTINCT ?uri WHERE { <http://dbpedia.org/resource/Cat_Stevens> <http://dbpedia.org/ontology/instrument> ?uri }
127,-,How many airlines are members of the Star Alliance?,-,SELECT (COUNT(DISTINCT ?uri) AS ?c) WHERE { ?uri a <http://dbpedia.org/ontology/Airline> ; <http://dbpedia.org/ontology/alliance> <http://dbpedia.org/resource/Star_Alliance> }
128,-,Give me all actors called Baldwin.,-,PREFIX foaf:<http://xmlns.com/foaf/0.1/> SELECT DISTINCT ?uri WHERE { ?uri foaf:surname 'Baldwin'@en . { ?uri <http://dbpedia.org/ontology/occupation> <http://dbpedia.org/resource/Actor> . } UNION { ?uri <http://www.w3.org/1999/02/22-rdf-syntax-ns#type> <http://dbpedia.org/ontology/Actor> . } }
129,-,Who wrote The Hunger Games?,-,SELECT DISTINCT ?uri WHERE { <http://dbpedia.org/resource/The_Hunger_Games> <http://dbpedia.org/property/author> ?uri }
130,-,For which label did Elvis record his first album?,-,PREFIX dbo: <http://dbpedia.org/ontology/> PREFIX res: <http://dbpedia.org/resource/> PREFIX rdf: <http://www.w3.org/1999/02/22-rdf-syntax-ns#> SELECT DISTINCT ?uri WHERE { ?x rdf:type dbo:Album ; dbo:artist res:Elvis_Presley ; dbo:releaseDate ?y ; dbo:recordLabel ?uri } ORDER BY ASC(?y) OFFSET 0 LIMIT 1
131,-,Is Christian Bale starring in Batman Begins?,-,PREFIX dbo: <http://dbpedia.org/ontology/> PREFIX res: <http://dbpedia.org/resource/> ASK WHERE { res:Batman_Begins dbo:starring res:Christian_Bale }
132,-,Where is the residence of the prime minister of Spain?,-,SELECT DISTINCT ?uri WHERE { <http://dbpedia.org/resource/Prime_Minister_of_Spain> <http://dbpedia.org/property/residence> ?uri }
133,-,Which actor was casted in the most movies?,-,SELECT DISTINCT ?uri WHERE { ?uri <http://www.w3.org/1999/02/22-rdf-syntax-ns#type> <http://dbpedia.org/ontology/Actor> . ?f <http://www.w3.org/1999/02/22-rdf-syntax-ns#type> <http://dbpedia.org/ontology/Film> . ?f <http://dbpedia.org/ontology/starring> ?uri . } ORDER BY DESC(COUNT(DISTINCT(?f))) OFFSET 0 LIMIT 1
134,-,Which countries have more than two official languages?,-,SELECT DISTINCT ?uri WHERE { ?uri a <http://dbpedia.org/ontology/Country> ; <http://dbpedia.org/ontology/officialLanguage> ?language } GROUP BY ?uri HAVING ( COUNT(?language) > 2 )
135,-,Which countries have more than ten caves?,-,SELECT DISTINCT ?uri WHERE { ?uri a <http://dbpedia.org/ontology/Country> . ?cave a <http://dbpedia.org/ontology/Cave> { ?cave <http://dbpedia.org/ontology/location> ?uri } UNION { ?cave <http://dbpedia.org/ontology/location> ?loc . ?loc <http://dbpedia.org/ontology/country> ?uri } } GROUP BY ?uri HAVING ( COUNT(?cave) > 10 )
136,-,Show me all songs from Bruce Springsteen released between 1980 and 1990.,-,SELECT DISTINCT ?uri WHERE { ?uri <http://www.w3.org/1999/02/22-rdf-syntax-ns#type> <http://dbpedia.org/ontology/Song> . ?uri <http://dbpedia.org/ontology/artist> <http://dbpedia.org/resource/Bruce_Springsteen> . ?uri <http://dbpedia.org/ontology/releaseDate> ?date . FILTER (?date >= '1980-01-01'^^xsd:date && ?date <= '1990-12-31'^^xsd:date) }
,,,,
138,-,When did Latvia join the EU?,-,SELECT DISTINCT ?date WHERE { <http://dbpedia.org/resource/Latvia> <http://dbpedia.org/property/accessioneudate> ?date }
139,-,Which soccer players were born on Malta?,-,SELECT DISTINCT ?uri WHERE { ?uri a <http://dbpedia.org/ontology/SoccerPlayer> ; <http://dbpedia.org/ontology/birthPlace> <http://dbpedia.org/resource/Malta> }
140,-,How many politicians graduated from Columbia University?,-,SELECT (COUNT(DISTINCT ?uri) AS ?c) WHERE { ?uri <http://dbpedia.org/ontology/profession> <http://dbpedia.org/resource/Politician> ; <http://dbpedia.org/ontology/almaMater> <http://dbpedia.org/resource/Columbia_University> }
141,-,Give me the birthdays of all actors of the television show Charmed.,-,SELECT DISTINCT ?date WHERE { <http://dbpedia.org/resource/Charmed> <http://dbpedia.org/ontology/starring> ?actor . ?actor <http://dbpedia.org/ontology/birthDate> ?date }
142,-,Which telecommunications organizations are located in Belgium?,-,"SELECT (COUNT(DISTINCT ?uri) AS ?c) WHERE { ?uri a <http://dbpedia.org/ontology/Organisation> { ?uri <http://dbpedia.org/ontology/industry> <http://dbpedia.org/resource/Telecommunication> } UNION { ?uri <http://dbpedia.org/property/industry> ?industry FILTER regex(?industry, Telecommunications) } { ?uri <http://dbpedia.org/ontology/location> <http://dbpedia.org/resource/Belgium> } UNION { ?uri <http://dbpedia.org/property/locationCountry> Belgium@en } }"
143,-,Give me a list of all lakes in Denmark.,-,SELECT DISTINCT ?uri WHERE { { ?uri a <http://dbpedia.org/ontology/Lake> ; <http://dbpedia.org/ontology/country> <http://dbpedia.org/resource/Denmark> } UNION { ?uri a <http://dbpedia.org/class/yago/LakesOfDenmark> } }
144,-,How many children does Eddie Murphy have?,-,SELECT DISTINCT ?n WHERE { <http://dbpedia.org/resource/Eddie_Murphy> <http://dbpedia.org/property/children> ?n }
145,-,Show me all English Gothic buildings in Kent.,-,SELECT ?uri WHERE { ?uri a <http://dbpedia.org/ontology/Building> ; <http://dbpedia.org/ontology/architecturalStyle> <http://dbpedia.org/resource/English_Gothic_architecture> ; <http://dbpedia.org/ontology/location> <http://dbpedia.org/resource/Kent> }
146,-,Who is the manager of Real Madrid?,-,SELECT DISTINCT ?uri WHERE { <http://dbpedia.org/resource/Real_Madrid_C.F.> <http://dbpedia.org/ontology/manager> ?uri }
147,-,In which countries can you pay using the West African CFA franc?,-,SELECT DISTINCT ?uri WHERE { ?uri <http://dbpedia.org/ontology/currency> <http://dbpedia.org/resource/West_African_CFA_franc> }
148,-,Which holidays are celebrated around the world?,-,PREFIX dbo: <http://dbpedia.org/ontology/> PREFIX rdf: <http://www.w3.org/1999/02/22-rdf-syntax-ns#> SELECT DISTINCT ?uri WHERE { ?uri rdf:type dbo:Holiday }
149,-,What is the longest river?,-,SELECT DISTINCT ?uri WHERE { ?uri a <http://dbpedia.org/ontology/River> { ?uri <http://dbpedia.org/ontology/length> ?l } UNION { ?uri <http://dbpedia.org/property/length> ?l } } ORDER BY DESC(?l) OFFSET 0 LIMIT 1
,,,,
151,-,What is the birth name of Angela Merkel?,-,SELECT DISTINCT ?string WHERE { <http://dbpedia.org/resource/Angela_Merkel> <http://dbpedia.org/property/birthName> ?string }
152,-,Who has Tom Cruise been married to?,-,SELECT DISTINCT ?uri WHERE { ?uri <http://dbpedia.org/ontology/spouse> <http://dbpedia.org/resource/Tom_Cruise> }
153,-,Which weapons did Heckler & Koch develop?,-,SELECT DISTINCT ?uri WHERE { ?uri a <http://dbpedia.org/ontology/Weapon> ; <http://dbpedia.org/property/designer> <http://dbpedia.org/resource/Heckler_&_Koch> }
154,-,What is the smallest city by area in Germany?,-,PREFIX dbo: <http://dbpedia.org/ontology/> PREFIX skos: <http://www.w3.org/2004/02/skos/core#> PREFIX dbc: <http://dbpedia.org/resource/Category:> PREFIX dct: <http://purl.org/dc/terms/> SELECT ?city WHERE { ?m skos:broader dbc:Cities_in_Germany . ?city dct:subject ?m ; dbo:areaTotal ?area } ORDER BY ?area LIMIT 1
155,-,What is the ruling party in Lisbon?,-,SELECT DISTINCT ?uri WHERE { <http://dbpedia.org/resource/Lisbon> <http://dbpedia.org/property/leaderParty> ?uri }
156,-,How heavy is Jupiter's lightest moon?,-,SELECT DISTINCT ?n WHERE { ?uri <http://dbpedia.org/property/satelliteOf> <http://dbpedia.org/resource/Jupiter> ; <http://dbpedia.org/ontology/mass> ?n } ORDER BY ASC(?n) OFFSET 0 LIMIT 1
157,-,How many employees does IBM have?,-,SELECT DISTINCT ?number WHERE { <http://dbpedia.org/resource/IBM> <http://dbpedia.org/ontology/numberOfEmployees> ?number }
158,-,List all episodes of the first season of the HBO television series The Sopranos!,-,PREFIX dbo: <http://dbpedia.org/ontology/> PREFIX res: <http://dbpedia.org/resource/> SELECT DISTINCT ?uri WHERE { ?uri dbo:series res:The_Sopranos ; dbo:seasonNumber 1 }
,,,,
160,-,Does the new Battlestar Galactica series have more episodes than the old one?,-,PREFIX dbo: <http://dbpedia.org/ontology/> PREFIX res: <http://dbpedia.org/resource/> ASK WHERE { <http://dbpedia.org/resource/Battlestar_Galactica_%281978_TV_series%29> dbo:numberOfEpisodes ?x . <http://dbpedia.org/resource/Battlestar_Galactica_%282004_TV_series%29> dbo:numberOfEpisodes ?y FILTER ( ?y > ?x ) }
161,-,Give me all films produced by Hal Roach.,-,SELECT DISTINCT ?uri WHERE { ?uri a <http://dbpedia.org/ontology/Film> ; <http://dbpedia.org/ontology/producer> <http://dbpedia.org/resource/Hal_Roach> }
,,,,
163,-,Which Greek parties are pro-European?,-,SELECT DISTINCT ?uri WHERE { ?uri a <http://dbpedia.org/ontology/PoliticalParty> ; <http://dbpedia.org/ontology/country> <http://dbpedia.org/resource/Greece> ; <http://dbpedia.org/ontology/ideology> <http://dbpedia.org/resource/Pro-Europeanism> }
164,-,Give me a list of all bandleaders that play trumpet.,-,SELECT DISTINCT ?uri WHERE { ?uri <http://dbpedia.org/ontology/occupation> <http://dbpedia.org/resource/Bandleader> ; <http://dbpedia.org/ontology/instrument> <http://dbpedia.org/resource/Trumpet> }
165,-,What is the second highest mountain on Earth?,-,SELECT DISTINCT ?uri WHERE { ?uri a <http://dbpedia.org/ontology/Mountain> ; <http://dbpedia.org/ontology/elevation> ?elevation } ORDER BY DESC(?elevation) OFFSET 1 LIMIT 1
166,-,Is Egypts largest city also its capital?,-,ASK WHERE { <http://dbpedia.org/resource/Egypt> <http://dbpedia.org/ontology/largestCity> ?large ; <http://dbpedia.org/ontology/capital> ?capital FILTER ( ?large = ?capital ) }
167,-,Which rockets were launched from Baikonur?,-,SELECT DISTINCT ?uri WHERE { ?uri a <http://dbpedia.org/ontology/Rocket> ; <http://dbpedia.org/ontology/launchSite> <http://dbpedia.org/resource/Baikonur_Cosmodrome> }
168,-,How many programming languages are there?,-,SELECT (COUNT(DISTINCT ?uri) AS ?c) WHERE { ?uri a <http://dbpedia.org/ontology/ProgrammingLanguage> }
169,-,Which Chess players died in the same place they were born in?,-,SELECT DISTINCT ?uri WHERE { ?uri a <http://dbpedia.org/ontology/ChessPlayer> ; <http://dbpedia.org/ontology/birthPlace> ?x ; <http://dbpedia.org/ontology/deathPlace> ?y FILTER ( ?x = ?y ) }
170,-,Who is the owner of Facebook?,-,SELECT DISTINCT ?uri WHERE { <http://dbpedia.org/resource/Facebook> <http://dbpedia.org/ontology/foundedBy> ?uri }
171,-,Give me all movies with Tom Cruise.,-,SELECT DISTINCT ?uri WHERE { ?uri a <http://dbpedia.org/ontology/Film> ; <http://dbpedia.org/ontology/starring> <http://dbpedia.org/resource/Tom_Cruise> }
172,-,In which U.S. state is Fort Knox located?,-,PREFIX dbo: <http://dbpedia.org/ontology/> PREFIX res: <http://dbpedia.org/resource/> PREFIX dbp: <http://dbpedia.org/property/> SELECT DISTINCT ?uri WHERE { res:Fort_Knox dbo:location ?uri . ?uri dbo:country res:United_States }
173,-,Give me all cities in New Jersey with more than 100000 inhabitants.,-,PREFIX dbo: <http://dbpedia.org/ontology/> PREFIX res: <http://dbpedia.org/resource/> PREFIX dbp: <http://dbpedia.org/property/> PREFIX rdf: <http://www.w3.org/1999/02/22-rdf-syntax-ns#> SELECT DISTINCT ?uri WHERE { ?uri rdf:type dbo:City ; dbo:isPartOf res:New_Jersey ; dbo:populationTotal ?inhabitants FILTER ( ?inhabitants > 100000 ) }
174,-,Which mountains are higher than the Nanga Parbat?,-,SELECT DISTINCT ?uri WHERE { <http://dbpedia.org/resource/Nanga_Parbat> <http://dbpedia.org/ontology/elevation> ?elevation . ?uri a <http://dbpedia.org/ontology/Mountain> { ?uri <http://dbpedia.org/ontology/elevation> ?otherelevation } UNION { ?uri <http://dbpedia.org/property/elevationM> ?otherelevation } FILTER ( ?otherelevation > ?elevation ) }
175,-,Give me all B-sides of the Ramones.,-,SELECT DISTINCT ?string WHERE { ?x <http://dbpedia.org/ontology/musicalArtist> <http://dbpedia.org/resource/Ramones> ; <http://dbpedia.org/ontology/bSide> ?string }
176,-,What are the specialities of the UNC Health Care?,-,SELECT DISTINCT ?uri WHERE { <http://dbpedia.org/resource/UNC_Health_Care> <http://dbpedia.org/property/speciality> ?uri }
177,-,When was Olof Palme shot?,-,SELECT DISTINCT ?date WHERE { <http://dbpedia.org/resource/Olof_Palme> <http://dbpedia.org/ontology/deathDate> ?date }
178,-,List the seven kings of Rome.,-,SELECT DISTINCT ?uri WHERE { ?uri <http://dbpedia.org/property/title> <http://dbpedia.org/resource/King_of_Rome> }
179,-,Give me all people that were born in Vienna and died in Berlin.,-,SELECT DISTINCT ?uri WHERE { ?uri <http://dbpedia.org/ontology/birthPlace> <http://dbpedia.org/resource/Vienna> ; <http://dbpedia.org/ontology/deathPlace> <http://dbpedia.org/resource/Berlin> }
180,-,Is Darth Vader Luke’s father?,-,ASK WHERE { <http://dbpedia.org/resource/Darth_Vader> <http://dbpedia.org/ontology/child> <http://dbpedia.org/resource/Luke_Skywalker> }
181,-,Show me all the breweries in Australia.,-,SELECT DISTINCT ?uri WHERE { ?uri a <http://dbpedia.org/ontology/Brewery> { ?uri <http://dbpedia.org/ontology/location> <http://dbpedia.org/resource/Australia> } UNION { ?uri <http://dbpedia.org/ontology/location> ?x . ?x <http://dbpedia.org/ontology/country> <http://dbpedia.org/resource/Australia> } }
182,-,Give me all films produced by Steven Spielberg with a budget of at least $80 million.,-,SELECT DISTINCT ?uri WHERE { ?uri <http://www.w3.org/1999/02/22-rdf-syntax-ns#type> <http://dbpedia.org/ontology/Film> . ?uri <http://dbpedia.org/ontology/director> <http://dbpedia.org/resource/Steven_Spielberg> . ?uri <http://dbpedia.org/ontology/budget> ?b . FILTER( xsd:double(?b) >= 8.0E7 ) }
183,-,Give me all soccer clubs in Spain.,-,"SELECT DISTINCT ?uri WHERE { ?uri a <http://dbpedia.org/ontology/SoccerClub> { ?uri <http://dbpedia.org/ontology/ground> <http://dbpedia.org/resource/Spain> } UNION { ?uri <http://dbpedia.org/property/ground> ?ground FILTER regex(?ground, Spain) } }"
184,-,Who produced films starring Natalie Portman?,-,SELECT DISTINCT ?uri WHERE { ?film a <http://dbpedia.org/ontology/Film> ; <http://dbpedia.org/ontology/starring> <http://dbpedia.org/resource/Natalie_Portman> ; <http://dbpedia.org/ontology/producer> ?uri }
185,-,Give me all breeds of the German Shepherd dog.,-,SELECT DISTINCT ?uri WHERE { ?uri <http://dbpedia.org/property/breed> <http://dbpedia.org/resource/German_Shepherd> }
186,-,Who is the heaviest player of the Chicago Bulls?,-,SELECT DISTINCT ?uri WHERE { ?uri a <http://dbpedia.org/ontology/Person> ; <http://dbpedia.org/ontology/weight> ?num { ?uri <http://dbpedia.org/property/team> <http://dbpedia.org/resource/Chicago_Bulls> } UNION { ?uri <http://dbpedia.org/property/draftTeam> <http://dbpedia.org/resource/Chicago_Bulls> } UNION { ?uri <http://dbpedia.org/ontology/draftTeam> <http://dbpedia.org/resource/Chicago_Bulls> } } ORDER BY DESC(?num) OFFSET 0 LIMIT 1
187,-,Which languages are spoken in Estonia?,-,SELECT DISTINCT ?uri WHERE { ?uri <http://dbpedia.org/ontology/spokenIn> <http://dbpedia.org/resource/Estonia> }
188,-,What is the largest country in the world?,-,PREFIX dbo: <http://dbpedia.org/ontology/> PREFIX rdf: <http://www.w3.org/1999/02/22-rdf-syntax-ns#> SELECT DISTINCT ?uri WHERE { ?uri rdf:type dbo:Country ; dbo:areaTotal ?n } ORDER BY DESC(?n) OFFSET 0 LIMIT 1
189,-,What is the largest city in america?,-,PREFIX dbo: <http://dbpedia.org/ontology/> PREFIX dbr: <http://dbpedia.org/resource/> SELECT ?lcity WHERE { dbr:United_States dbo:largestCity ?lcity }
190,-,Who was the pope that founded the Vatican Television?,-,PREFIX dbo: <http://dbpedia.org/ontology/> PREFIX res: <http://dbpedia.org/resource/> PREFIX rdf: <http://www.w3.org/1999/02/22-rdf-syntax-ns#> SELECT ?uri WHERE { ?uri rdf:type dbo:Pope . res:Vatican_Television_Center dbo:foundedBy ?uri }
191,-,Who discovered Ceres?,-,PREFIX dbo: <http://dbpedia.org/ontology/> SELECT DISTINCT ?uri WHERE { <http://dbpedia.org/resource/Ceres_(dwarf_planet)> dbo:discoverer ?uri }
193,-,Is Cola a beverage?,-,PREFIX dbo: <http://dbpedia.org/ontology/> PREFIX res: <http://dbpedia.org/resource/> PREFIX rdf: <http://www.w3.org/1999/02/22-rdf-syntax-ns#> ASK WHERE { res:Cola rdf:type dbo:Beverage }
194,-,What is the alma mater of the chancellor of Germany Angela Merkel?,-,PREFIX dbo: <http://dbpedia.org/ontology/> PREFIX dbr: <http://dbpedia.org/resource/> SELECT ?Almamater WHERE { dbr:Angela_Merkel dbo:almaMater ?Almamater }
195,-,Who wrote the book Les Piliers de la terre?,-,PREFIX dbo: <http://dbpedia.org/ontology/> PREFIX res: <http://dbpedia.org/resource/> SELECT DISTINCT ?uri WHERE { res:The_Pillars_of_the_Earth dbo:author ?uri }
197,-,Where is the birthplace of Goethe?,-,PREFIX dbo: <http://dbpedia.org/ontology/> PREFIX dbr: <http://dbpedia.org/resource/> SELECT ?Goethe WHERE { dbr:Johann_Wolfgang_von_Goethe dbo:birthPlace ?Goethe }
198,-,Was the Cuban Missile Crisis earlier than the Bay of Pigs Invasion?,-,PREFIX dbo: <http://dbpedia.org/ontology/> PREFIX res: <http://dbpedia.org/resource/> ASK WHERE { res:Cuban_Missile_Crisis dbo:date ?x . res:Bay_of_Pigs_Invasion dbo:date ?y FILTER ( ?x < ?y ) }
199,-,Which ingredients do I need for carrot cake?,-,PREFIX dbo: <http://dbpedia.org/ontology/> PREFIX res: <http://dbpedia.org/resource/> SELECT DISTINCT ?uri WHERE { res:Carrot_cake dbo:ingredient ?uri }
200,-,Who created Wikipedia?,-,PREFIX dbo: <http://dbpedia.org/ontology/> PREFIX res: <http://dbpedia.org/resource/> SELECT DISTINCT ?uri WHERE { res:Wikipedia dbo:author ?uri }
201,-,What is the highest mountain in Saxony Germany?,-,PREFIX dbo: <http://dbpedia.org/ontology/> PREFIX dbr: <http://dbpedia.org/resource/> SELECT ?m WHERE { ?m dbo:mountainRange dbr:Ore_Mountains ; dbo:elevation ?height } ORDER BY DESC(?height) LIMIT 1
202,-,Who is the current federal minister of finance in Germany?,-,PREFIX dbo: <http://dbpedia.org/ontology/> SELECT ?leader WHERE { <http://dbpedia.org/resource/Federal_Ministry_of_Finance_(Germany)> dbo:leader ?leader }
,,,,
,,,,
206,-,In which state Penn State University is located?,-,PREFIX dbo: <http://dbpedia.org/ontology/> PREFIX dbr: <http://dbpedia.org/resource/> SELECT ?s WHERE { dbr:Pennsylvania_State_University dbo:state ?s }
207,-,What is the biggest stadium in Spain?,-,PREFIX dbo: <http://dbpedia.org/ontology/> PREFIX res: <http://dbpedia.org/resource/> PREFIX rdf: <http://www.w3.org/1999/02/22-rdf-syntax-ns#> SELECT DISTINCT ?uri WHERE { ?uri rdf:type dbo:Stadium ; dbo:location res:Spain ; dbo:seatingCapacity ?n } ORDER BY DESC(?n) OFFSET 0 LIMIT 1
208,-,Who is the coach of Ankara's ice hockey team?,-,PREFIX dbo: <http://dbpedia.org/ontology/> PREFIX res: <http://dbpedia.org/resource/> SELECT DISTINCT ?uri WHERE { ?x dbo:city res:Ankara ; dbo:league res:Turkish_Ice_Hockey_First_League ; dbo:coach ?uri }
209,-,How large is the area of UK?,-,PREFIX dbo: <http://dbpedia.org/ontology/> PREFIX dbr: <http://dbpedia.org/resource/> SELECT ?area WHERE { dbr:United_Kingdom dbo:areaTotal ?area }
210,-,Who created Batman?,-,PREFIX dbo: <http://dbpedia.org/ontology/> PREFIX res: <http://dbpedia.org/resource/> SELECT DISTINCT ?uri WHERE { res:Batman dbo:creator ?uri }
211,-,Was Sigmund Freud married?,-,PREFIX dbo: <http://dbpedia.org/ontology/> PREFIX dbr: <http://dbpedia.org/resource/> ASK WHERE { dbr:Sigmund_Freud dbo:spouse ?uri }
213,-,Give me all movies directed by Francis Ford Coppola.,-,PREFIX dbo: <http://dbpedia.org/ontology/> PREFIX res: <http://dbpedia.org/resource/> PREFIX rdf: <http://www.w3.org/1999/02/22-rdf-syntax-ns#> SELECT DISTINCT ?uri WHERE { ?uri rdf:type dbo:Film ; dbo:director res:Francis_Ford_Coppola }
214,-,Are tree frogs a type of amphibian?,-,PREFIX dbo: <http://dbpedia.org/ontology/> PREFIX res: <http://dbpedia.org/resource/> ASK WHERE { res:Hylidae dbo:class res:Amphibian }
215,-,What is the location of the Houses of Parliament?,-,PREFIX dbo: <http://dbpedia.org/ontology/> PREFIX res: <http://dbpedia.org/resource/> SELECT ?uri WHERE { res:Palace_of_Westminster dbo:location ?uri }
216,-,how much is the elevation of Düsseldorf Airport ?,-,PREFIX dbo: <http://dbpedia.org/ontology/> PREFIX dbr: <http://dbpedia.org/resource/> SELECT ?ele WHERE { dbr:Düsseldorf_Airport dbo:elevation ?ele } LIMIT 1
217,-,How much is the population of mexico city ?,-,PREFIX dbo: <http://dbpedia.org/ontology/> PREFIX dbr: <http://dbpedia.org/resource/> SELECT ?Mexico_City WHERE { dbr:Mexico_City dbo:populationTotal ?Mexico_City }
218,-,when was the founding date of french fifth republic?,-,PREFIX dbo: <http://dbpedia.org/ontology/> PREFIX dbr: <http://dbpedia.org/resource/> SELECT ?ff WHERE { dbr:French_Fifth_Republic dbo:foundingDate ?ff }
219,-,Who was the first King of England?,-,PREFIX dbo: <http://dbpedia.org/ontology/> PREFIX yago: <http://dbpedia.org/class/yago/> PREFIX rdf: <http://www.w3.org/1999/02/22-rdf-syntax-ns#> SELECT DISTINCT ?uri WHERE { ?uri rdf:type dbo:Royalty ; rdf:type yago:WikicatEnglishMonarchs ; dbo:activeYearsStartYear ?date } ORDER BY ASC(?date) OFFSET 0 LIMIT 1
222,-,Who is the youngest Darts player?,-,PREFIX dbo: <http://dbpedia.org/ontology/> PREFIX rdf: <http://www.w3.org/1999/02/22-rdf-syntax-ns#> SELECT DISTINCT ?uri WHERE { ?uri rdf:type dbo:DartsPlayer ; dbo:birthDate ?date } ORDER BY DESC(?date) OFFSET 0 LIMIT 1
223,-,Is horse racing a sport?,-,PREFIX dbo: <http://dbpedia.org/ontology/> PREFIX dbr: <http://dbpedia.org/resource/> PREFIX rdf: <http://www.w3.org/1999/02/22-rdf-syntax-ns#> ASK WHERE { dbr:Horse_racing rdf:type dbo:Sport }
224,-,Which river does the Brooklyn Bridge cross?,-,PREFIX dbo: <http://dbpedia.org/ontology/> PREFIX res: <http://dbpedia.org/resource/> SELECT DISTINCT ?uri WHERE { res:Brooklyn_Bridge dbo:crosses ?uri }
225,WORKS,How many people live in Poland?,SELECT ?Answer WHERE { <http://dbpedia.org/resource/Poland> <http://dbpedia.org/ontology/populationTotal> ?Answer .},PREFIX dbo: <http://dbpedia.org/ontology/> PREFIX res: <http://dbpedia.org/resource/> SELECT DISTINCT ?uri WHERE { res:Poland dbo:populationTotal ?uri }
226,-,When was the last episode of the TV series Friends aired?,-,PREFIX dbo: <http://dbpedia.org/ontology/> PREFIX dbr: <http://dbpedia.org/resource/> SELECT ?date WHERE { dbr:Friends dbo:completionDate ?date }
227,-,Is the wife of president Obama called Michelle?,-,"PREFIX dbo: <http://dbpedia.org/ontology/> PREFIX res: <http://dbpedia.org/resource/> PREFIX rdfs: <http://www.w3.org/2000/01/rdf-schema#> ASK WHERE { res:Barack_Obama dbo:spouse ?spouse . ?spouse rdfs:label ?name FILTER regex(?name, Michelle) }"
229,-,Who is 8th president of US?,-,PREFIX dbo: <http://dbpedia.org/ontology/> PREFIX dbp: <http://dbpedia.org/property/> PREFIX dbr: <http://dbpedia.org/resource/> SELECT ?name WHERE { dbr:8th_President_of_the_United_States dbo:wikiPageRedirects ?link . ?link dbp:name ?name }
230,-,how much is the total population of  european union?,-,PREFIX dbo: <http://dbpedia.org/ontology/> PREFIX dbr: <http://dbpedia.org/resource/> SELECT ?europop WHERE { dbr:European_Union dbo:populationTotal ?europop }
231,-,Give me all launch pads operated by NASA.,-,PREFIX dbo: <http://dbpedia.org/ontology/> PREFIX res: <http://dbpedia.org/resource/> PREFIX rdf: <http://www.w3.org/1999/02/22-rdf-syntax-ns#> SELECT DISTINCT ?uri WHERE { ?uri rdf:type dbo:LaunchPad ; dbo:operator res:NASA }
232,-,Who developed the video game World of Warcraft?,-,PREFIX dbo: <http://dbpedia.org/ontology/> PREFIX res: <http://dbpedia.org/resource/> SELECT DISTINCT ?uri WHERE { res:World_of_Warcraft dbo:developer ?uri }
233,-,What is the birth name of Adele?,-,PREFIX dbo: <http://dbpedia.org/ontology/> PREFIX dbr: <http://dbpedia.org/resource/> SELECT ?bn WHERE { dbr:Adele dbo:birthName ?bn }
235,-,Is Frank Herbert still alive?,-,PREFIX dbo: <http://dbpedia.org/ontology/> PREFIX res: <http://dbpedia.org/resource/> ASK WHERE { OPTIONAL { res:Frank_Herbert dbo:deathDate ?date } FILTER ( ! bound(?date) ) }
236,-,What is the last work of Dan Brown?,-,PREFIX dbo: <http://dbpedia.org/ontology/> PREFIX dbp: <http://dbpedia.org/property/> PREFIX dbr: <http://dbpedia.org/resource/> SELECT ?book WHERE { { ?book dbo:author dbr:Dan_Brown . ?book dbp:releaseDate ?date } UNION { ?book dbo:author dbr:Dan_Brown . ?book dbo:publicationDate ?date} } ORDER BY DESC(xsd:date(?date)) LIMIT 1
237,-,Where is Sungkyunkwan University?,-,PREFIX dbo: <http://dbpedia.org/ontology/> PREFIX dbr: <http://dbpedia.org/resource/> SELECT DISTINCT ?country WHERE { dbr:Sungkyunkwan_University dbo:city ?city ; dbo:country ?country }
238,-,Who is the author of the interpretation of dreams?,-,PREFIX dbo: <http://dbpedia.org/ontology/> PREFIX dbr: <http://dbpedia.org/resource/> SELECT ?Author WHERE { dbr:The_Interpretation_of_Dreams dbo:author ?Author }
239,-,When was the death  of  Shakespeare?,-,PREFIX dbo: <http://dbpedia.org/ontology/> PREFIX dbr: <http://dbpedia.org/resource/> SELECT ?x WHERE { dbr:William_Shakespeare dbo:deathDate ?x } LIMIT 1
242,-,Where is the origin of Carolina reaper?,-,PREFIX dbo: <http://dbpedia.org/ontology/>PREFIX dbr: <http://dbpedia.org/resource/> SELECT ?uri WHERE { dbr:Carolina_Reaper dbo:origin ?uri}
243,-,In which year was Rachel Stevens born?,-,PREFIX dbo: <http://dbpedia.org/ontology/> PREFIX res: <http://dbpedia.org/resource/> SELECT DISTINCT ?uri WHERE { res:Rachel_Stevens dbo:birthYear ?uri }
244,-,How often did Jane Fonda marry?,-,PREFIX dbo: <http://dbpedia.org/ontology/> PREFIX res: <http://dbpedia.org/resource/> SELECT (COUNT(DISTINCT ?uri) AS ?c) WHERE { res:Jane_Fonda dbo:spouse ?uri }
245,-,Was the wife of president Lincoln called Mary?,-,"PREFIX dbo: <http://dbpedia.org/ontology/> PREFIX res: <http://dbpedia.org/resource/> PREFIX rdfs: <http://www.w3.org/2000/01/rdf-schema#> ASK WHERE { res:Abraham_Lincoln dbo:spouse ?spouse . ?spouse rdfs:label ?name FILTER regex(?name, Mary) }"
247,-,In which programming language is GIMP written?,should work,PREFIX dbo: <http://dbpedia.org/ontology/> PREFIX res: <http://dbpedia.org/resource/> SELECT DISTINCT ?uri WHERE { res:GIMP dbo:programmingLanguage ?uri }
248,-,Which university did Angela Merkel attend?,should work,PREFIX dbo: <http://dbpedia.org/ontology/> PREFIX res: <http://dbpedia.org/resource/> SELECT DISTINCT ?university WHERE { res:Angela_Merkel dbo:almaMater ?university }
249,-,List all the musicals with music by Elton John.,should work,PREFIX dbo: <http://dbpedia.org/ontology/> PREFIX res: <http://dbpedia.org/resource/> PREFIX rdf: <http://www.w3.org/1999/02/22-rdf-syntax-ns#> SELECT DISTINCT ?uri WHERE { ?uri rdf:type dbo:Musical ; dbo:musicBy res:Elton_John }
250,-,How many Aldi stores are there?,-,PREFIX dbo: <http://dbpedia.org/ontology/> PREFIX res: <http://dbpedia.org/resource/> SELECT DISTINCT ?number WHERE { res:Aldi dbo:numberOfLocations ?number }
251,-,What is the longest river in the world?,should work,PREFIX dbo: <http://dbpedia.org/ontology/> PREFIX rdf: <http://www.w3.org/1999/02/22-rdf-syntax-ns#> SELECT ?uri WHERE { ?uri rdf:type dbo:BodyOfWater ; dbo:length ?length } ORDER BY DESC(?length) LIMIT 1
252,WORKS,When was John Adams born?,should work,PREFIX dbo: <http://dbpedia.org/ontology/> PREFIX res: <http://dbpedia.org/resource/> SELECT DISTINCT ?date WHERE { res:John_Adams dbo:birthDate ?date }
253,-,Which companies produce hovercrafts?,should work,PREFIX dbo: <http://dbpedia.org/ontology/> PREFIX res: <http://dbpedia.org/resource/> PREFIX rdf: <http://www.w3.org/1999/02/22-rdf-syntax-ns#> SELECT DISTINCT ?uri WHERE { ?uri rdf:type dbo:Company ; dbo:product res:Hovercraft }
254,-,Who was the wife of U.S. president Lincoln?,should work,PREFIX dbo: <http://dbpedia.org/ontology/> PREFIX res: <http://dbpedia.org/resource/> SELECT DISTINCT ?uri WHERE { res:Abraham_Lincoln dbo:spouse ?uri }
255,-,Which species does an elephant belong?,should work,PREFIX dbr: <http://dbpedia.org/resource/> PREFIX dbp: <http://dbpedia.org/property/> SELECT ?species WHERE { dbr:Elephant dbp:species ?species }
256,WORKS,How many people live in the capital of Australia?,should work,PREFIX dbo: <http://dbpedia.org/ontology/> PREFIX res: <http://dbpedia.org/resource/> SELECT DISTINCT ?num WHERE { res:Australia dbo:capital ?x . ?x dbo:populationTotal ?num }
257,-,In which ancient empire could you pay with cocoa beans?,-,PREFIX dbo: <http://dbpedia.org/ontology/> PREFIX res: <http://dbpedia.org/resource/> SELECT DISTINCT ?uri WHERE { ?uri dbo:currency res:Cocoa_bean }
258,-,How many theories did Albert Einstein come up with?,should work,PREFIX dbo: <http://dbpedia.org/ontology/> PREFIX dbr: <http://dbpedia.org/resource/> SELECT (COUNT(?uri) AS ?count) WHERE { dbr:Albert_Einstein dbo:knownFor ?uri }
259,-,Who composed the soundtrack for Cameron's Titanic?,should work,PREFIX dbo: <http://dbpedia.org/ontology/> SELECT DISTINCT ?uri WHERE { <http://dbpedia.org/resource/Titanic_(1997_film)> dbo:musicComposer ?uri }
260,-,Give me the runtime of Toy Story.,should work,PREFIX dbo: <http://dbpedia.org/ontology/> PREFIX res: <http://dbpedia.org/resource/> SELECT DISTINCT ?runtime WHERE { res:Toy_Story dbo:runtime ?runtime }
262,-,With how many countries Iran has borders?,should work,PREFIX dbr: <http://dbpedia.org/resource/> PREFIX dbp: <http://dbpedia.org/property/> SELECT ?border WHERE { dbr:Geography_of_Iran dbp:borders ?border } LIMIT 8
263,-,Which electronics companies were founded in Beijing?,should work,PREFIX dbo: <http://dbpedia.org/ontology/> PREFIX res: <http://dbpedia.org/resource/> PREFIX rdf: <http://www.w3.org/1999/02/22-rdf-syntax-ns#> SELECT DISTINCT ?uri WHERE { ?uri rdf:type dbo:Company ; dbo:industry res:Electronics ; dbo:foundationPlace res:Beijing }
264,-,Who was the successor of John F. Kennedy?,should work,PREFIX dbo: <http://dbpedia.org/ontology/> PREFIX res: <http://dbpedia.org/resource/> SELECT DISTINCT ?uri WHERE { res:John_F._Kennedy dbo:successor ?uri }
265,-,Who is the mayor of Paris?,should work,PREFIX dbo: <http://dbpedia.org/ontology/> PREFIX res: <http://dbpedia.org/resource/> SELECT DISTINCT ?uri WHERE { res:Paris dbo:mayor ?uri }
266,-,Did Arnold Schwarzenegger attend a university?,-,PREFIX dbo: <http://dbpedia.org/ontology/> PREFIX res: <http://dbpedia.org/resource/> PREFIX rdf: <http://www.w3.org/1999/02/22-rdf-syntax-ns#> ASK WHERE { res:Arnold_Schwarzenegger dbo:almaMater ?x . ?x rdf:type dbo:University }
267,-,Is James Bond married?,-,PREFIX dbo: <http://dbpedia.org/ontology/> PREFIX res: <http://dbpedia.org/resource/> ASK WHERE { res:James_Bond dbo:spouse ?uri }
268,-,Does the Isar flow into a lake?,-,PREFIX dbo: <http://dbpedia.org/ontology/> PREFIX res: <http://dbpedia.org/resource/> PREFIX rdf: <http://www.w3.org/1999/02/22-rdf-syntax-ns#> ASK WHERE { ?x dbo:inflow res:Isar ; rdf:type dbo:Lake }
269,-,Which Indian company has the most employees?,-,PREFIX dbo: <http://dbpedia.org/ontology/> PREFIX res: <http://dbpedia.org/resource/> PREFIX rdf: <http://www.w3.org/1999/02/22-rdf-syntax-ns#> SELECT DISTINCT ?uri WHERE { ?uri rdf:type dbo:Company ; dbo:location res:India ; dbo:numberOfEmployees ?n } ORDER BY DESC(?n) OFFSET 0 LIMIT 1
270,-,Who was John F. Kennedy's vice president?,should work,PREFIX dbo: <http://dbpedia.org/ontology/> PREFIX res: <http://dbpedia.org/resource/> SELECT DISTINCT ?uri WHERE { res:John_F._Kennedy dbo:vicePresident ?uri }
271,-,Which country does the creator of Miffy come from?,-,PREFIX dbo: <http://dbpedia.org/ontology/> PREFIX res: <http://dbpedia.org/resource/> SELECT DISTINCT ?uri WHERE { res:Miffy dbo:creator ?x . ?x dbo:nationality ?uri }
273,-,In what city is the Heineken brewery?,-,PREFIX dbo: <http://dbpedia.org/ontology/> PREFIX res: <http://dbpedia.org/resource/> SELECT DISTINCT ?uri WHERE { res:Heineken dbo:manufacturer ?x . ?x dbo:locationCity ?uri }
274,-,Is Barack Obama a democrat?,-,PREFIX dbo: <http://dbpedia.org/ontology/> PREFIX res: <http://dbpedia.org/resource/> ASK WHERE { res:Barack_Obama dbo:party <http://dbpedia.org/resource/Democratic_Party_(United_States)> }
276,-,From which region is the Melon de Bourgogne?,should work,PREFIX dbo: <http://dbpedia.org/ontology/> PREFIX res: <http://dbpedia.org/resource/> SELECT DISTINCT ?uri WHERE { res:Melon_de_Bourgogne dbo:wineRegion ?uri }
278,-,how big is the total area of North Rhine- Westphalia?,-,PREFIX dbo: <http://dbpedia.org/ontology/> PREFIX dbr: <http://dbpedia.org/resource/> SELECT ?tarea WHERE { dbr:North_Rhine-Westphalia dbo:areaTotal ?tarea }
279,-,Which city has the most inhabitants?,-,PREFIX dbo: <http://dbpedia.org/ontology/> PREFIX res: <http://dbpedia.org/resource/> PREFIX rdf: <http://www.w3.org/1999/02/22-rdf-syntax-ns#> SELECT DISTINCT ?uri WHERE { ?uri rdf:type dbo:City ; dbo:populationTotal ?pop } ORDER BY DESC(?pop) OFFSET 0 LIMIT 1
280,-,What is Donald Trump's main business?,,PREFIX dbo: <http://dbpedia.org/ontology/> PREFIX dbr: <http://dbpedia.org/resource/> SELECT ?owner WHERE { ?owner dbo:owner dbr:Donald_Trump }
281,-,When will start the final match of the football world cup 2018?,-,PREFIX dbr: <http://dbpedia.org/resource/> PREFIX dbp: <http://dbpedia.org/property/> SELECT ?Date WHERE { dbr:2018_FIFA_World_Cup dbp:date ?Date } ORDER BY DESC(?Date) LIMIT 1
282,-,Which films did Stanley Kubrick direct?,should work,PREFIX dbo: <http://dbpedia.org/ontology/> PREFIX res: <http://dbpedia.org/resource/> SELECT DISTINCT ?uri WHERE { ?uri dbo:director res:Stanley_Kubrick }
283,-,how much is the population  Iraq?,should work,PREFIX dbo: <http://dbpedia.org/ontology/> PREFIX dbr: <http://dbpedia.org/resource/> SELECT ?pIraq WHERE { dbr:Iraq dbo:populationTotal ?pIraq }
284,-,How many inhabitants does the largest city in Canada have?,-,PREFIX dbo: <http://dbpedia.org/ontology/> PREFIX res: <http://dbpedia.org/resource/> SELECT DISTINCT ?num WHERE { res:Canada dbo:largestCity ?city . ?city dbo:populationTotal ?num }
285,-,Who is the mayor of the capital of French Polynesia?,should work,PREFIX dbo: <http://dbpedia.org/ontology/> PREFIX res: <http://dbpedia.org/resource/> SELECT DISTINCT ?uri WHERE { res:French_Polynesia dbo:capital ?x . ?x dbo:mayor ?uri }
286,-,Give me all actors starring in movies directed by William Shatner.,-,PREFIX dbo: <http://dbpedia.org/ontology/> PREFIX res: <http://dbpedia.org/resource/> SELECT DISTINCT ?uri WHERE { ?x dbo:director res:William_Shatner ; dbo:starring ?uri }
287,-,How tall is Claudia Schiffer?,should work,PREFIX dbo: <http://dbpedia.org/ontology/> PREFIX res: <http://dbpedia.org/resource/> SELECT DISTINCT ?height WHERE { res:Claudia_Schiffer dbo:height ?height }
288,-,how much is the population densty rank of germany?,should work,PREFIX dbr: <http://dbpedia.org/resource/> PREFIX dbp: <http://dbpedia.org/property/> SELECT ?rank WHERE { dbr:Germany dbp:populationDensityRank ?rank }
289,-,What is the highest mountain in Italy?,should work,PREFIX dbo: <http://dbpedia.org/ontology/> PREFIX res: <http://dbpedia.org/resource/> PREFIX rdf: <http://www.w3.org/1999/02/22-rdf-syntax-ns#> SELECT DISTINCT ?uri WHERE { ?uri rdf:type dbo:Mountain ; dbo:locatedInArea res:Italy ; dbo:elevation ?num } ORDER BY DESC(?num) OFFSET 0 LIMIT 1
290,-,List all games by GMT.,should work,PREFIX dbo: <http://dbpedia.org/ontology/> PREFIX res: <http://dbpedia.org/resource/> SELECT DISTINCT ?uri WHERE { ?uri dbo:publisher res:GMT_Games }
293,-,What is in a chocolate chip cookie?,,PREFIX dbo: <http://dbpedia.org/ontology/> PREFIX res: <http://dbpedia.org/resource/> SELECT DISTINCT ?uri WHERE { res:Chocolate_chip_cookie dbo:ingredient ?uri }
294,-,In which country is the Limerick Lake?,should work,PREFIX dbo: <http://dbpedia.org/ontology/> PREFIX res: <http://dbpedia.org/resource/> SELECT DISTINCT ?uri WHERE { res:Limerick_Lake dbo:country ?uri }
,,,,
296,-,Give me all members of Prodigy.,should work,PREFIX dbo: <http://dbpedia.org/ontology/> PREFIX res: <http://dbpedia.org/resource/> SELECT DISTINCT ?uri WHERE { res:The_Prodigy dbo:bandMember ?uri }
297,-,In which time zone is Rome?,should work,PREFIX dbo: <http://dbpedia.org/ontology/> PREFIX res: <http://dbpedia.org/resource/> SELECT DISTINCT ?uri WHERE { res:Rome dbo:timeZone ?uri }
298,-,How high is the lighthouse in Colombo?,should work,PREFIX dbo: <http://dbpedia.org/ontology/> PREFIX res: <http://dbpedia.org/resource/> SELECT DISTINCT ?num WHERE { res:Colombo_Lighthouse dbo:height ?num }
299,-,Who are the writers of the Wall album of Pink Floyd?,should work,PREFIX dbr: <http://dbpedia.org/resource/> PREFIX dbp: <http://dbpedia.org/property/> SELECT ?writers WHERE { dbr:The_Wall dbp:writer ?writers }
301,-,What is the largest city in Australia?,should work,PREFIX dbo: <http://dbpedia.org/ontology/> PREFIX res: <http://dbpedia.org/resource/> SELECT DISTINCT ?uri WHERE { res:Australia dbo:largestCity ?uri }
302,-,Who was married to president Chirac?,should work,PREFIX dbo: <http://dbpedia.org/ontology/> PREFIX res: <http://dbpedia.org/resource/> SELECT DISTINCT ?uri WHERE { res:Jacques_Chirac dbo:spouse ?uri }
303,-,What form of government is found in South Africa?,should work,PREFIX dbo: <http://dbpedia.org/ontology/> PREFIX dbr: <http://dbpedia.org/resource/> SELECT ?uri WHERE { dbr:South_Africa dbo:governmentType ?uri }
304,-,How high is the Yokohama Marine Tower?,should work,PREFIX dbo: <http://dbpedia.org/ontology/> PREFIX res: <http://dbpedia.org/resource/> SELECT DISTINCT ?num WHERE { res:Yokohama_Marine_Tower dbo:height ?num }
305,-,Which holidays are celebrated around the world? test2,should work,PREFIX dbo: <http://dbpedia.org/ontology/> PREFIX rdf: <http://www.w3.org/1999/02/22-rdf-syntax-ns#> SELECT DISTINCT ?uri WHERE { ?uri rdf:type dbo:Holiday }
306,-,Who is the tallest basketball player?,should work,PREFIX dbo: <http://dbpedia.org/ontology/> PREFIX rdf: <http://www.w3.org/1999/02/22-rdf-syntax-ns#> SELECT DISTINCT ?uri WHERE { ?uri rdf:type dbo:BasketballPlayer ; dbo:height ?num } ORDER BY DESC(?num) OFFSET 0 LIMIT 1
307,-,How many languages are spoken in Turkmenistan?,should work,PREFIX dbo: <http://dbpedia.org/ontology/> PREFIX res: <http://dbpedia.org/resource/> SELECT (COUNT(DISTINCT ?x) AS ?c) WHERE { res:Turkmenistan dbo:language ?x }
308,-,Did Che Guevara have children?,#VALUE!,PREFIX dbo: <http://dbpedia.org/ontology/> PREFIX res: <http://dbpedia.org/resource/> ASK WHERE { res:Che_Guevara dbo:child ?uri }
309,-,Did Kaurismäki ever win the Grand Prix at Cannes?,-,PREFIX dbo: <http://dbpedia.org/ontology/> PREFIX res: <http://dbpedia.org/resource/> ASK WHERE { res:Aki_Kaurismäki dbo:award <http://dbpedia.org/resource/Grand_Prix_(Cannes_Film_Festival)> }
310,-,To which party does the mayor of Paris belong?,should work,PREFIX dbo: <http://dbpedia.org/ontology/> PREFIX res: <http://dbpedia.org/resource/> SELECT DISTINCT ?uri WHERE { res:Paris dbo:mayor ?x . ?x dbo:party ?uri }
311,-,Who is the Formula 1 race driver with the most races?,-,PREFIX dbo: <http://dbpedia.org/ontology/> PREFIX rdf: <http://www.w3.org/1999/02/22-rdf-syntax-ns#> SELECT DISTINCT ?uri WHERE { ?uri rdf:type dbo:FormulaOneRacer ; dbo:races ?x } ORDER BY DESC(?x) OFFSET 0 LIMIT 1
312,-,What country is Sitecore from?,should work,PREFIX dbo: <http://dbpedia.org/ontology/> PREFIX res: <http://dbpedia.org/resource/> SELECT DISTINCT ?uri WHERE { res:Sitecore dbo:foundationPlace ?uri }
314,-,Is Christian Bale starring in Velvet Goldmine?,-,PREFIX dbo: <http://dbpedia.org/ontology/> PREFIX res: <http://dbpedia.org/resource/> ASK WHERE { res:Velvet_Goldmine dbo:starring res:Christian_Bale }
315,-,Who is the son of Sonny and Cher?,should work,PREFIX dbo: <http://dbpedia.org/ontology/> PREFIX res: <http://dbpedia.org/resource/> SELECT DISTINCT ?uri WHERE { ?uri dbo:parent res:Cher ; dbo:parent res:Sonny_Bono }
316,-,How many ethnic groups live in Slovenia?,should work,PREFIX dbo: <http://dbpedia.org/ontology/> PREFIX res: <http://dbpedia.org/resource/> SELECT (COUNT(DISTINCT ?uri) AS ?c) WHERE { res:Slovenia dbo:ethnicGroup ?uri }
318,-,Was Natalie Portman born in the United States?,-,PREFIX dbo: <http://dbpedia.org/ontology/> PREFIX res: <http://dbpedia.org/resource/> ASK WHERE { res:Natalie_Portman dbo:birthPlace ?city . ?city dbo:country res:United_States }
319,-,How many pages does War and Peace have?,should work,PREFIX dbo: <http://dbpedia.org/ontology/> PREFIX res: <http://dbpedia.org/resource/> SELECT DISTINCT ?n WHERE { res:War_and_Peace dbo:numberOfPages ?n }
320,-,Who is the oldest child of Meryl Streep?,should work,PREFIX dbo: <http://dbpedia.org/ontology/> PREFIX res: <http://dbpedia.org/resource/> SELECT DISTINCT ?uri WHERE { res:Meryl_Streep dbo:child ?uri . ?uri dbo:birthDate ?d } ORDER BY ASC(?d) OFFSET 0 LIMIT 1
,,,should work,
,,,,
323,-,Which types of grapes grow in Oregon?,should work,PREFIX dbo: <http://dbpedia.org/ontology/> PREFIX res: <http://dbpedia.org/resource/> SELECT DISTINCT ?uri WHERE { res:Oregon_wine dbo:growingGrape ?uri }
324,-,Was U.S. president Jackson involved in a war?,-,PREFIX dbo: <http://dbpedia.org/ontology/> PREFIX res: <http://dbpedia.org/resource/> ASK WHERE { res:Andrew_Jackson dbo:battle ?battle }
325,-,When was the Titanic completed?,should work,PREFIX dbo: <http://dbpedia.org/ontology/> PREFIX res: <http://dbpedia.org/resource/> SELECT DISTINCT ?date WHERE { res:RMS_Titanic dbo:completionDate ?date }
326,-,Did Tesla win a nobel prize in physics?,-,PREFIX dbo: <http://dbpedia.org/ontology/> PREFIX res: <http://dbpedia.org/resource/> ASK WHERE { res:Nikola_Tesla dbo:award res:Nobel_Prize_in_Physics }
327,-,How many states are in Mexico?,should work,PREFIX dbo: <http://dbpedia.org/ontology/> PREFIX dbr: <http://dbpedia.org/resource/> SELECT (COUNT(?uri) AS ?count) WHERE { ?uri dbo:type dbr:States_of_Mexico }
,,,,
,,,,
330,-,Who composed the music for Harold and Maude?,should work,PREFIX dbo: <http://dbpedia.org/ontology/> PREFIX res: <http://dbpedia.org/resource/> SELECT DISTINCT ?uri WHERE { res:Harold_and_Maude dbo:musicComposer ?uri }
331,-,List all episodes of the first season of the HBO television series The Sopranos.,should work,PREFIX dbo: <http://dbpedia.org/ontology/> PREFIX res: <http://dbpedia.org/resource/> SELECT DISTINCT ?uri WHERE { ?uri dbo:series res:The_Sopranos ; dbo:seasonNumber 1 }
332,-,Which city has the least inhabitants?,should work,PREFIX dbo: <http://dbpedia.org/ontology/> PREFIX rdf: <http://www.w3.org/1999/02/22-rdf-syntax-ns#> SELECT DISTINCT ?uri WHERE { ?uri rdf:type dbo:City ; dbo:populationTotal ?pop } ORDER BY ASC(?pop) OFFSET 0 LIMIT 1
334,-,Does Neymar play for Real Madrid?,-,PREFIX dbo: <http://dbpedia.org/ontology/> PREFIX res: <http://dbpedia.org/resource/> ASK WHERE { res:Neymar dbo:team <http://dbpedia.org/resource/Real_Madrid_C.F.> }
335,-,Who wrote the book The Pillars of the Earth?,should work,PREFIX dbo: <http://dbpedia.org/ontology/> PREFIX res: <http://dbpedia.org/resource/> SELECT DISTINCT ?uri WHERE { res:The_Pillars_of_the_Earth dbo:author ?uri }
336,-,Do Prince Harry and Prince William have the same parents?,-,"PREFIX dbo: <http://dbpedia.org/ontology/> PREFIX res: <http://dbpedia.org/resource/> ASK WHERE { <http://dbpedia.org/resource/Prince_William,_Duke_of_Cambridge> dbo:parent ?x . res:Prince_Harry dbo:parent ?x }"
338,-,Does Breaking Bad have more episodes than Game of Thrones?,-,PREFIX dbo: <http://dbpedia.org/ontology/> PREFIX res: <http://dbpedia.org/resource/> ASK WHERE { res:Breaking_Bad dbo:numberOfEpisodes ?x . res:Game_of_Thrones dbo:numberOfEpisodes ?y FILTER ( ?y > ?x ) }
,,,,
340,-,Which building after the Burj Khalifa has the most floors?,-,PREFIX dbo: <http://dbpedia.org/ontology/> PREFIX res: <http://dbpedia.org/resource/> PREFIX rdf: <http://www.w3.org/1999/02/22-rdf-syntax-ns#> SELECT DISTINCT ?uri WHERE { res:Burj_Khalifa dbo:floorCount ?burj . ?uri rdf:type dbo:Building ; dbo:floorCount ?proj FILTER ( ?proj < ?burj ) } ORDER BY DESC(?proj) LIMIT 1
341,-,What was the final result of the War of the Roses?,should work,PREFIX dbo: <http://dbpedia.org/ontology/> PREFIX dbr: <http://dbpedia.org/resource/> SELECT DISTINCT ?result WHERE { ?uri dbo:isPartOfMilitaryConflict dbr:Wars_of_the_Roses ; dbo:result ?result ; dbo:date ?date } ORDER BY DESC(?date) OFFSET 0 LIMIT 1
,,,,
343,-,Is proinsulin a protein?,-,PREFIX dbo: <http://dbpedia.org/ontology/> PREFIX res: <http://dbpedia.org/resource/> PREFIX rdf: <http://www.w3.org/1999/02/22-rdf-syntax-ns#> ASK WHERE { res:Proinsulin rdf:type dbo:Protein }
344,-,Do Urdu and Persian have a common root?,-,PREFIX dbo: <http://dbpedia.org/ontology/> PREFIX dbr: <http://dbpedia.org/resource/> ASK WHERE { dbr:Urdu dbo:languageFamily ?uri . dbr:Persian_language dbo:languageFamily ?uri }
345,-,Who is starring in Spanish movies produced by Benicio del Toro?,-,PREFIX dbo: <http://dbpedia.org/ontology/> PREFIX res: <http://dbpedia.org/resource/> PREFIX rdf: <http://www.w3.org/1999/02/22-rdf-syntax-ns#> SELECT DISTINCT ?uri WHERE { ?film rdf:type dbo:Film ; dbo:country res:Spain ; dbo:producer res:Benicio_del_Toro ; dbo:starring ?uri . ?uri rdf:type dbo:Person }
346,-,Is Lake Baikal bigger than the Great Bear Lake?,-,PREFIX dbo: <http://dbpedia.org/ontology/> PREFIX res: <http://dbpedia.org/resource/> ASK WHERE { res:Lake_Baikal dbo:areaTotal ?a1 . res:Great_Bear_Lake dbo:areaTotal ?a2 FILTER ( ?a1 > ?a2 ) }
347,-,Show me all books in Asimov's Foundation series.,-,PREFIX dbo: <http://dbpedia.org/ontology/> PREFIX res: <http://dbpedia.org/resource/> SELECT DISTINCT ?uri WHERE { ?uri dbo:series res:Foundation_series }
349,-,Which city has the oldest running metro?,should work,PREFIX dbo: <http://dbpedia.org/ontology/> PREFIX dbr: <http://dbpedia.org/resource/> PREFIX rdf: <http://www.w3.org/1999/02/22-rdf-syntax-ns#> SELECT ?loc WHERE { ?uri dbo:type dbr:Rapid_transit ; dbo:openingYear ?date ; dbo:location ?loc . ?loc rdf:type dbo:City } ORDER BY ASC(?date) LIMIT 1
350,-,Who designed the Brooklyn Bridge?,should work,PREFIX dbo: <http://dbpedia.org/ontology/> PREFIX res: <http://dbpedia.org/resource/> SELECT DISTINCT ?uri WHERE { res:Brooklyn_Bridge dbo:architect ?uri }
353,-,"What is the total population of Melbourne, Florida?",should work,"PREFIX dbo: <http://dbpedia.org/ontology/> SELECT ?uri WHERE { <http://dbpedia.org/resource/Melbourne,_Florida> dbo:populationTotal ?uri }"
354,-,What country is Mount Everest in?,should work,PREFIX dbo: <http://dbpedia.org/ontology/> PREFIX res: <http://dbpedia.org/resource/> PREFIX rdf: <http://www.w3.org/1999/02/22-rdf-syntax-ns#> SELECT DISTINCT ?uri WHERE { res:Mount_Everest dbo:locatedInArea ?uri . ?uri rdf:type dbo:Country }
355,-,To which artistic movement did the painter of The Three Dancers belong?,-,PREFIX dbo: <http://dbpedia.org/ontology/> PREFIX res: <http://dbpedia.org/resource/> SELECT DISTINCT ?uri WHERE { res:The_Three_Dancers dbo:author ?person . ?person dbo:movement ?uri }
357,-,What is the bridge with the longest span?,-,PREFIX dbo: <http://dbpedia.org/ontology/> PREFIX res: <http://dbpedia.org/resource/> PREFIX rdf: <http://www.w3.org/1999/02/22-rdf-syntax-ns#> SELECT DISTINCT ?uri WHERE { ?uri rdf:type dbo:Bridge ; dbo:mainspan ?s } ORDER BY DESC(?s) OFFSET 0 LIMIT 1
358,-,Is there a video game called Battle Chess?,-,PREFIX dbo: <http://dbpedia.org/ontology/> PREFIX rdfs: <http://www.w3.org/2000/01/rdf-schema#> PREFIX rdf: <http://www.w3.org/1999/02/22-rdf-syntax-ns#> ASK WHERE { ?uri rdf:type dbo:VideoGame ; rdfs:label Battle Chess@en }
,,,,
360,-,Does the Ford Motor Company have a manufacturing plant in Malaysia?,-,PREFIX dbo: <http://dbpedia.org/ontology/> PREFIX dbr: <http://dbpedia.org/resource/> ASK WHERE { ?uri dbo:assembly dbr:Malaysia ; dbo:manufacturer dbr:Ford_Motor_Company }
361,-,Did Socrates influence Aristotle?,should work,PREFIX dbo: <http://dbpedia.org/ontology/> PREFIX res: <http://dbpedia.org/resource/> ASK WHERE { res:Aristotle dbo:influencedBy res:Socrates }
362,-,How many children did Benjamin Franklin have?,should work,PREFIX dbo: <http://dbpedia.org/ontology/> PREFIX res: <http://dbpedia.org/resource/> SELECT (COUNT(DISTINCT ?uri) AS ?c) WHERE { res:Benjamin_Franklin dbo:child ?uri }
363,-,How tall is Michael Jordan?,should work,PREFIX dbo: <http://dbpedia.org/ontology/> PREFIX res: <http://dbpedia.org/resource/> SELECT DISTINCT ?num WHERE { res:Michael_Jordan dbo:height ?num }
364,-,In which UK city are the headquarters of the MI6?,should work,PREFIX dbo: <http://dbpedia.org/ontology/> PREFIX res: <http://dbpedia.org/resource/> PREFIX rdf: <http://www.w3.org/1999/02/22-rdf-syntax-ns#> SELECT DISTINCT ?uri WHERE { res:Secret_Intelligence_Service dbo:headquarter ?uri . ?uri dbo:country res:United_Kingdom }
365,-,Who created Family Guy?,should work,PREFIX dbo: <http://dbpedia.org/ontology/> PREFIX res: <http://dbpedia.org/resource/> SELECT DISTINCT ?uri WHERE { res:Family_Guy dbo:creator ?uri }
366,-,In which city does the Chile Route 68 end?,should work,PREFIX dbo: <http://dbpedia.org/ontology/> PREFIX res: <http://dbpedia.org/resource/> SELECT DISTINCT ?uri WHERE { res:Chile_Route_68 dbo:routeEnd ?uri }
367,-,Give me the grandchildren of Elvis Presley.,should work,PREFIX dbo: <http://dbpedia.org/ontology/> PREFIX res: <http://dbpedia.org/resource/> SELECT DISTINCT ?uri WHERE { res:Elvis_Presley dbo:child ?child . ?child dbo:child ?uri }
368,-,When did the Ming dynasty dissolve?,should work,PREFIX dbo: <http://dbpedia.org/ontology/> PREFIX res: <http://dbpedia.org/resource/> SELECT DISTINCT ?date WHERE { res:Ming_dynasty dbo:dissolutionDate ?date }
369,-,In which military conflicts did Lawrence of Arabia participate?,should work,PREFIX dbo: <http://dbpedia.org/ontology/> PREFIX res: <http://dbpedia.org/resource/> SELECT DISTINCT ?uri WHERE { res:T._E._Lawrence dbo:battle ?uri }
370,-,What is the timezone in San Pedro de Atacama?,should work,PREFIX dbo: <http://dbpedia.org/ontology/> PREFIX res: <http://dbpedia.org/resource/> SELECT DISTINCT ?uri WHERE { res:San_Pedro_de_Atacama dbo:timeZone ?uri }
371,-,Give me all books by William Goldman with more than 300 pages.,-,PREFIX dbo: <http://dbpedia.org/ontology/> PREFIX res: <http://dbpedia.org/resource/> PREFIX rdf: <http://www.w3.org/1999/02/22-rdf-syntax-ns#> SELECT DISTINCT ?uri WHERE { ?uri rdf:type dbo:Book ; dbo:author res:William_Goldman ; dbo:numberOfPages ?x FILTER ( ?x > 300 ) }
373,-,Which subsidiary of Lufthansa serves both Dortmund and Berlin Tegel?,-,PREFIX dbo: <http://dbpedia.org/ontology/> PREFIX res: <http://dbpedia.org/resource/> SELECT DISTINCT ?uri WHERE { res:Lufthansa dbo:subsidiary ?uri . ?uri dbo:targetAirport res:Dortmund_Airport ; dbo:targetAirport res:Berlin_Tegel_Airport }
374,-,Does Abraham Lincoln's death place have a website?,-,PREFIX dbo: <http://dbpedia.org/ontology/> PREFIX res: <http://dbpedia.org/resource/> ASK WHERE { res:Abraham_Lincoln dbo:deathPlace ?p . ?p dbo:website ?w }
375,-,Did Elvis Presley have children?,-,PREFIX dbo: <http://dbpedia.org/ontology/> PREFIX res: <http://dbpedia.org/resource/> ASK WHERE { res:Elvis_Presley dbo:child ?uri }
376,WORKS,Is Michelle Obama the wife of Barack Obama?,SELECT ?Answer WHERE { ?Arg <http://dbpedia.org/ontology/spouse> ?<<http://dbpedia.org/resource/Barack_Obama>> .},PREFIX dbo: <http://dbpedia.org/ontology/> PREFIX res: <http://dbpedia.org/resource/> ASK WHERE { res:Barack_Obama dbo:spouse res:Michelle_Obama }
378,-,Which books by Kerouac were published by Viking Press?,should work,PREFIX dbo: <http://dbpedia.org/ontology/> PREFIX res: <http://dbpedia.org/resource/> PREFIX rdf: <http://www.w3.org/1999/02/22-rdf-syntax-ns#> SELECT DISTINCT ?uri WHERE { ?uri rdf:type dbo:Book ; dbo:publisher res:Viking_Press ; dbo:author res:Jack_Kerouac }
379,-,Who wrote the song Hotel California?,should work,PREFIX dbo: <http://dbpedia.org/ontology/> PREFIX res: <http://dbpedia.org/resource/> SELECT DISTINCT ?uri WHERE { res:Hotel_California dbo:writer ?uri }
382,-,What form of government does Russia have?,should work,PREFIX dbo: <http://dbpedia.org/ontology/> PREFIX res: <http://dbpedia.org/resource/> SELECT DISTINCT ?uri WHERE { res:Russia dbo:governmentType ?uri }
,,,should work,
384,-,Who was the first to climb Mount Everest?,should work,PREFIX dbo: <http://dbpedia.org/ontology/> PREFIX res: <http://dbpedia.org/resource/> SELECT DISTINCT ?uri WHERE { res:Mount_Everest dbo:firstAscentPerson ?uri }
385,-,How many languages are spoken in Colombia?,should work,PREFIX dbo: <http://dbpedia.org/ontology/> PREFIX res: <http://dbpedia.org/resource/> PREFIX rdf: <http://www.w3.org/1999/02/22-rdf-syntax-ns#> SELECT (COUNT(DISTINCT ?uri) AS ?c) WHERE { ?uri rdf:type dbo:Language . res:Colombia dbo:language ?uri }
387,-,Where in France is sparkling wine produced?,should work,PREFIX dbo: <http://dbpedia.org/ontology/> PREFIX res: <http://dbpedia.org/resource/> SELECT DISTINCT ?uri WHERE { ?uri dbo:wineProduced res:Sparkling_wine ; dbo:location res:France }
389,-,Which movies starring Mickey Rourke were directed by Guy Ritchie?,-,PREFIX dbo: <http://dbpedia.org/ontology/> PREFIX res: <http://dbpedia.org/resource/> PREFIX rdf: <http://www.w3.org/1999/02/22-rdf-syntax-ns#> SELECT DISTINCT ?uri WHERE { ?uri rdf:type dbo:Film ; dbo:starring res:Mickey_Rourke ; dbo:director res:Guy_Ritchie }
390,-,In which films did Julia Roberts as well as Richard Gere play?,-,PREFIX dbo: <http://dbpedia.org/ontology/> PREFIX res: <http://dbpedia.org/resource/> PREFIX rdf: <http://www.w3.org/1999/02/22-rdf-syntax-ns#> SELECT DISTINCT ?uri WHERE { ?uri rdf:type dbo:Film ; dbo:starring res:Julia_Roberts ; dbo:starring res:Richard_Gere }
391,-,Show me Hemingway's autobiography.,should work,PREFIX dbo: <http://dbpedia.org/ontology/> PREFIX res: <http://dbpedia.org/resource/> SELECT DISTINCT ?uri WHERE { ?uri dbo:author res:Ernest_Hemingway ; dbo:literaryGenre res:Autobiography }
392,-,How tall is Amazon Eve?,should work,PREFIX dbo: <http://dbpedia.org/ontology/> PREFIX res: <http://dbpedia.org/resource/> SELECT DISTINCT ?height WHERE { res:Amazon_Eve dbo:height ?height }
393,-,What are the five boroughs of New York?,should work,PREFIX dbo: <http://dbpedia.org/ontology/> SELECT DISTINCT ?uri WHERE { ?uri dbo:governmentType <http://dbpedia.org/resource/Borough_(New_York_City)> }
394,-,Give me all Canadian Grunge record labels.,should work,PREFIX dbo: <http://dbpedia.org/ontology/> PREFIX res: <http://dbpedia.org/resource/> PREFIX rdf: <http://www.w3.org/1999/02/22-rdf-syntax-ns#> SELECT DISTINCT ?uri WHERE { ?uri rdf:type dbo:RecordLabel ; dbo:genre res:Grunge ; dbo:country res:Canada }
,,,,
397,-,Who wrote the Game of Thrones theme?,not working,PREFIX dbo: <http://dbpedia.org/ontology/> PREFIX res: <http://dbpedia.org/resource/> SELECT DISTINCT ?uri WHERE { res:Game_of_Thrones dbo:composer ?uri }
399,-,In which city did John F. Kennedy die?,. is a problem,PREFIX dbo: <http://dbpedia.org/ontology/> PREFIX res: <http://dbpedia.org/resource/> PREFIX rdf: <http://www.w3.org/1999/02/22-rdf-syntax-ns#> SELECT DISTINCT ?uri WHERE { res:John_F._Kennedy dbo:deathPlace ?uri . ?uri rdf:type dbo:City }
400,-,What is the highest mountain in Australia?,should work,PREFIX dbo: <http://dbpedia.org/ontology/> PREFIX res: <http://dbpedia.org/resource/> PREFIX rdf: <http://www.w3.org/1999/02/22-rdf-syntax-ns#> SELECT DISTINCT ?uri WHERE { ?uri rdf:type dbo:Mountain ; dbo:locatedInArea res:Australia ; dbo:elevation ?elevation } ORDER BY DESC(?elevation) LIMIT 1
401,-,Who writes the Farmers' Almanac?,property/,PREFIX dbp: <http://dbpedia.org/property/> SELECT ?uri WHERE { <http://dbpedia.org/resource/Farmers'_Almanac> dbp:editor ?uri }
403,-,Give me all Swedish oceanographers.,-,PREFIX dbo: <http://dbpedia.org/ontology/> PREFIX res: <http://dbpedia.org/resource/> SELECT DISTINCT ?uri WHERE { ?uri dbo:field res:Oceanography ; dbo:birthPlace res:Sweden }
404,-,In which city are the headquarters of the United Nations?,-,PREFIX dbo: <http://dbpedia.org/ontology/> PREFIX res: <http://dbpedia.org/resource/> PREFIX rdf: <http://www.w3.org/1999/02/22-rdf-syntax-ns#> SELECT DISTINCT ?uri WHERE { res:Headquarters_of_the_United_Nations dbo:location ?uri . ?uri rdf:type dbo:City }
405,WORKS,Is Rita Wilson the wife of Tom Hanks?,SELECT ?Answer WHERE { ?Arg <http://dbpedia.org/ontology/spouse> ?<<http://dbpedia.org/resource/Tom_Hanks>> .},PREFIX dbo: <http://dbpedia.org/ontology/> PREFIX res: <http://dbpedia.org/resource/> ASK WHERE { res:Tom_Hanks dbo:spouse res:Rita_Wilson }
406,-,In which countries do people speak Japanese?,not address,PREFIX dbo: <http://dbpedia.org/ontology/> PREFIX res: <http://dbpedia.org/resource/> PREFIX rdf: <http://www.w3.org/1999/02/22-rdf-syntax-ns#> SELECT DISTINCT ?uri WHERE { ?uri rdf:type dbo:Country ; dbo:language res:Japanese_language }
407,-,Which of Tim Burton's films had the highest budget?,-,PREFIX dbo: <http://dbpedia.org/ontology/> PREFIX res: <http://dbpedia.org/resource/> SELECT DISTINCT ?uri WHERE { ?uri dbo:director res:Tim_Burton ; dbo:budget ?b } ORDER BY ?b OFFSET 0 LIMIT 1
408,-,Which museum in New York has the most visitors?,-,PREFIX dbo: <http://dbpedia.org/ontology/> PREFIX res: <http://dbpedia.org/resource/> PREFIX rdf: <http://www.w3.org/1999/02/22-rdf-syntax-ns#> SELECT DISTINCT ?uri WHERE { ?uri rdf:type dbo:Museum ; dbo:location res:New_York_City ; dbo:numberOfVisitors ?num } ORDER BY DESC(?num) OFFSET 0 LIMIT 1
409,-,What was the first Queen album?,-,PREFIX dbo: <http://dbpedia.org/ontology/> PREFIX rdf: <http://www.w3.org/1999/02/22-rdf-syntax-ns#> SELECT DISTINCT ?uri WHERE { ?uri rdf:type dbo:Album ; dbo:artist <http://dbpedia.org/resource/Queen_(band)> ; dbo:releaseDate ?d } ORDER BY ASC(?d) OFFSET 0 LIMIT 1
410,-,What was the first name of the band Queens of the Stone Age?,-,PREFIX dbo: <http://dbpedia.org/ontology/> PREFIX res: <http://dbpedia.org/resource/> SELECT DISTINCT ?name WHERE { res:Queens_of_the_Stone_Age dbo:alias ?name }
411,-,What was the last movie with Alec Guinness?,-,PREFIX dbo: <http://dbpedia.org/ontology/> PREFIX res: <http://dbpedia.org/resource/> PREFIX rdf: <http://www.w3.org/1999/02/22-rdf-syntax-ns#> SELECT DISTINCT ?uri WHERE { ?uri rdf:type dbo:Film ; dbo:starring res:Alec_Guinness ; dbo:releaseDate ?date } ORDER BY DESC(?date) LIMIT 1
